API_UWI,TVD_FT,LateralLength_FT,ENVOperator,WellName,ProducingMonth,TotalProdMonths,ProducingDays,LiquidsProd_BBL,GasProd_MCF,WaterProd_BBL
42-317-42465,8796,10398,EXXON,DARK STAR UNIT 1 2103BH,2021-05-01,1,31,2960,2731,6107
42-317-42465,8796,10398,EXXON,DARK STAR UNIT 1 2103BH,2021-06-01,2,30,22900,20793,47279
42-317-42465,8796,10398,EXXON,DARK STAR UNIT 1 2103BH,2021-07-01,3,31,23100,25215,47742
42-317-42465,8796,10398,EXXON,DARK STAR UNIT 1 2103BH,2021-08-01,4,31,15346,23772,31752
42-317-42465,8796,10398,EXXON,DARK STAR UNIT 1 2103BH,2021-09-01,5,30,12285,27857,25446
42-317-42465,8796,10398,EXXON,DARK STAR UNIT 1 2103BH,2021-10-01,6,31,10411,30083,21589
42-317-42465,8796,10398,EXXON,DARK STAR UNIT 1 2103BH,2021-11-01,7,30,8334,28171,17300
42-317-42465,8796,10398,EXXON,DARK STAR UNIT 1 2103BH,2021-12-01,8,31,7963,29905,16548
42-317-42465,8796,10398,EXXON,DARK STAR UNIT 1 2103BH,2022-01-01,9,31,5772,23298,12009
42-317-42465,8796,10398,EXXON,DARK STAR UNIT 1 2103BH,2022-02-01,10,28,4578,17784,9535
42-317-42465,8796,10398,EXXON,DARK STAR UNIT 1 2103BH,2022-03-01,11,31,4749,21537,9902
42-317-42465,8796,10398,EXXON,DARK STAR UNIT 1 2103BH,2022-04-01,12,30,3350,18076,6993
42-317-42465,8796,10398,EXXON,DARK STAR UNIT 1 2103BH,2022-05-01,13,31,3470,19121,7250
42-317-42465,8796,10398,EXXON,DARK STAR UNIT 1 2103BH,2022-06-01,14,30,3134,18083,6555
42-317-42465,8796,10398,EXXON,DARK STAR UNIT 1 2103BH,2022-07-01,15,31,3429,20850,7179
42-317-42465,8796,10398,EXXON,DARK STAR UNIT 1 2103BH,2022-08-01,16,31,2653,16433,5562
42-317-42465,8796,10398,EXXON,DARK STAR UNIT 1 2103BH,2022-09-01,17,30,3049,18487,6399
42-317-42465,8796,10398,EXXON,DARK STAR UNIT 1 2103BH,2022-10-01,18,31,2920,18485,6134
42-317-42465,8796,10398,EXXON,DARK STAR UNIT 1 2103BH,2022-11-01,19,30,2462,18949,5178
42-317-42493,8781,10342,EXXON,DARK STAR UNIT 1 & 2 ALLOCATION 2105BH,2021-05-01,1,31,492,589,1053
42-317-42493,8781,10342,EXXON,DARK STAR UNIT 1 & 2 ALLOCATION 2105BH,2021-06-01,2,30,24658,28477,52945
42-317-42493,8781,10342,EXXON,DARK STAR UNIT 1 & 2 ALLOCATION 2105BH,2021-07-01,3,31,26833,38440,57896
42-317-42493,8781,10342,EXXON,DARK STAR UNIT 1 & 2 ALLOCATION 2105BH,2021-08-01,4,31,18007,37255,39046
42-317-42493,8781,10342,EXXON,DARK STAR UNIT 1 & 2 ALLOCATION 2105BH,2021-09-01,5,30,13071,38572,28482
42-317-42493,8781,10342,EXXON,DARK STAR UNIT 1 & 2 ALLOCATION 2105BH,2021-10-01,6,31,10495,38392,22980
42-317-42493,8781,10342,EXXON,DARK STAR UNIT 1 & 2 ALLOCATION 2105BH,2021-11-01,7,30,8063,36965,17740
42-317-42493,8781,10342,EXXON,DARK STAR UNIT 1 & 2 ALLOCATION 2105BH,2021-12-01,8,31,6647,35662,14696
42-317-42493,8781,10342,EXXON,DARK STAR UNIT 1 & 2 ALLOCATION 2105BH,2022-01-01,9,31,5492,29977,12204
42-317-42493,8781,10342,EXXON,DARK STAR UNIT 1 & 2 ALLOCATION 2105BH,2022-02-01,10,28,4565,28636,10191
42-317-42493,8781,10342,EXXON,DARK STAR UNIT 1 & 2 ALLOCATION 2105BH,2022-03-01,11,31,4416,32059,9906
42-317-42493,8781,10342,EXXON,DARK STAR UNIT 1 & 2 ALLOCATION 2105BH,2022-04-01,12,30,3589,27507,8090
42-317-42493,8781,10342,EXXON,DARK STAR UNIT 1 & 2 ALLOCATION 2105BH,2022-05-01,13,31,3234,24810,7324
42-317-42493,8781,10342,EXXON,DARK STAR UNIT 1 & 2 ALLOCATION 2105BH,2022-06-01,14,30,3518,27375,8007
42-317-42493,8781,10342,EXXON,DARK STAR UNIT 1 & 2 ALLOCATION 2105BH,2022-07-01,15,31,1985,16510,4541
42-317-42493,8781,10342,EXXON,DARK STAR UNIT 1 & 2 ALLOCATION 2105BH,2022-08-01,16,31,2906,23089,6679
42-317-42493,8781,10342,EXXON,DARK STAR UNIT 1 & 2 ALLOCATION 2105BH,2022-09-01,17,30,2971,31254,6864
42-317-42493,8781,10342,EXXON,DARK STAR UNIT 1 & 2 ALLOCATION 2105BH,2022-10-01,18,31,2487,28125,5773
42-317-42493,8781,10342,EXXON,DARK STAR UNIT 1 & 2 ALLOCATION 2105BH,2022-11-01,19,30,2314,27764,5397
42-317-40922,8645,10012,LARIO OIL & GAS COMPANY,HALSEY B 102WB,2018-02-01,1,28,22498,24163,36777
42-317-40922,8645,10012,LARIO OIL & GAS COMPANY,HALSEY B 102WB,2018-03-01,2,31,23293,30190,37836
42-317-40922,8645,10012,LARIO OIL & GAS COMPANY,HALSEY B 102WB,2018-04-01,3,30,8728,12054,14084
42-317-40922,8645,10012,LARIO OIL & GAS COMPANY,HALSEY B 102WB,2018-05-01,4,31,7528,6348,12068
42-317-40922,8645,10012,LARIO OIL & GAS COMPANY,HALSEY B 102WB,2018-06-01,5,30,9444,2947,15041
42-317-40922,8645,10012,LARIO OIL & GAS COMPANY,HALSEY B 102WB,2018-07-01,6,31,7603,6306,12030
42-317-40922,8645,10012,LARIO OIL & GAS COMPANY,HALSEY B 102WB,2018-08-01,7,31,5498,5091,8641
42-317-40922,8645,10012,LARIO OIL & GAS COMPANY,HALSEY B 102WB,2018-09-01,8,30,4519,2664,7056
42-317-40922,8645,10012,LARIO OIL & GAS COMPANY,HALSEY B 102WB,2018-10-01,9,31,4298,4650,6667
42-317-40922,8645,10012,LARIO OIL & GAS COMPANY,HALSEY B 102WB,2018-11-01,10,30,4551,3763,7013
42-317-40922,8645,10012,LARIO OIL & GAS COMPANY,HALSEY B 102WB,2018-12-01,11,31,4835,4433,7402
42-317-40922,8645,10012,LARIO OIL & GAS COMPANY,HALSEY B 102WB,2019-01-01,12,31,4276,262,6503
42-317-40922,8645,10012,LARIO OIL & GAS COMPANY,HALSEY B 102WB,2019-02-01,13,28,3417,1603,5164
42-317-40922,8645,10012,LARIO OIL & GAS COMPANY,HALSEY B 102WB,2019-03-01,14,31,850,836,1276
42-317-40922,8645,10012,LARIO OIL & GAS COMPANY,HALSEY B 102WB,2019-04-01,15,30,6720,23026,10025
42-317-40922,8645,10012,LARIO OIL & GAS COMPANY,HALSEY B 102WB,2019-05-01,16,31,7501,16391,11116
42-317-40922,8645,10012,LARIO OIL & GAS COMPANY,HALSEY B 102WB,2019-06-01,17,30,6387,8405,9403
42-317-40922,8645,10012,LARIO OIL & GAS COMPANY,HALSEY B 102WB,2019-07-01,18,31,5337,6389,7806
42-317-40922,8645,10012,LARIO OIL & GAS COMPANY,HALSEY B 102WB,2019-08-01,19,31,5463,8271,7937
42-317-40922,8645,10012,LARIO OIL & GAS COMPANY,HALSEY B 102WB,2019-09-01,20,30,5755,6683,8307
42-317-40922,8645,10012,LARIO OIL & GAS COMPANY,HALSEY B 102WB,2019-10-01,21,31,4953,4296,7102
42-317-40922,8645,10012,LARIO OIL & GAS COMPANY,HALSEY B 102WB,2019-11-01,22,30,3578,1286,5097
42-317-40922,8645,10012,LARIO OIL & GAS COMPANY,HALSEY B 102WB,2019-12-01,23,31,3891,2897,5507
42-317-40922,8645,10012,LARIO OIL & GAS COMPANY,HALSEY B 102WB,2020-01-01,24,31,4164,3612,5854
42-317-40922,8645,10012,LARIO OIL & GAS COMPANY,HALSEY B 102WB,2020-02-01,25,29,1158,2099,1617
42-317-40922,8645,10012,LARIO OIL & GAS COMPANY,HALSEY B 102WB,2020-03-01,26,31,415,132,576
42-317-40922,8645,10012,LARIO OIL & GAS COMPANY,HALSEY B 102WB,2020-04-01,27,30,1586,448,2187
42-317-40922,8645,10012,LARIO OIL & GAS COMPANY,HALSEY B 102WB,2020-05-01,28,31,2601,991,3563
42-317-40922,8645,10012,LARIO OIL & GAS COMPANY,HALSEY B 102WB,2020-06-01,29,30,1248,288,1698
42-317-40922,8645,10012,LARIO OIL & GAS COMPANY,HALSEY B 102WB,2020-07-01,30,31,1953,630,2640
42-317-40922,8645,10012,LARIO OIL & GAS COMPANY,HALSEY B 102WB,2020-08-01,31,31,1634,921,2194
42-317-40922,8645,10012,LARIO OIL & GAS COMPANY,HALSEY B 102WB,2020-09-01,32,30,5,36,7
42-317-40922,8645,10012,LARIO OIL & GAS COMPANY,HALSEY B 102WB,2020-10-01,33,0,0,0,0
42-317-40922,8645,10012,LARIO OIL & GAS COMPANY,HALSEY B 102WB,2020-11-01,34,0,0,0,0
42-317-40922,8645,10012,LARIO OIL & GAS COMPANY,HALSEY B 102WB,2020-12-01,35,0,0,0,0
42-317-40922,8645,10012,LARIO OIL & GAS COMPANY,HALSEY B 102WB,2021-01-01,36,31,73,0,95
42-317-40922,8645,10012,LARIO OIL & GAS COMPANY,HALSEY B 102WB,2021-02-01,37,28,1406,1073,1815
42-317-40922,8645,10012,LARIO OIL & GAS COMPANY,HALSEY B 102WB,2021-03-01,38,31,5376,7670,6897
42-317-40922,8645,10012,LARIO OIL & GAS COMPANY,HALSEY B 102WB,2021-04-01,39,30,3236,13070,4124
42-317-40922,8645,10012,LARIO OIL & GAS COMPANY,HALSEY B 102WB,2021-05-01,40,31,3130,14729,3963
42-317-40922,8645,10012,LARIO OIL & GAS COMPANY,HALSEY B 102WB,2021-06-01,41,30,2558,9212,3218
42-317-40922,8645,10012,LARIO OIL & GAS COMPANY,HALSEY B 102WB,2021-07-01,42,31,2389,7765,2985
42-317-40922,8645,10012,LARIO OIL & GAS COMPANY,HALSEY B 102WB,2021-08-01,43,31,1580,3834,1961
42-317-40922,8645,10012,LARIO OIL & GAS COMPANY,HALSEY B 102WB,2021-09-01,44,30,2531,6233,3121
42-317-40922,8645,10012,LARIO OIL & GAS COMPANY,HALSEY B 102WB,2021-10-01,45,31,2268,8351,2779
42-317-40922,8645,10012,LARIO OIL & GAS COMPANY,HALSEY B 102WB,2021-11-01,46,30,2086,5712,2539
42-317-40922,8645,10012,LARIO OIL & GAS COMPANY,HALSEY B 102WB,2021-12-01,47,31,2090,2380,2527
42-317-40922,8645,10012,LARIO OIL & GAS COMPANY,HALSEY B 102WB,2022-01-01,48,31,2008,3258,2412
42-317-40922,8645,10012,LARIO OIL & GAS COMPANY,HALSEY B 102WB,2022-02-01,49,28,1681,6631,2006
42-317-40922,8645,10012,LARIO OIL & GAS COMPANY,HALSEY B 102WB,2022-03-01,50,31,253,1838,300
42-317-41794,8819,10354,EXXON,STRAIN 20 UNIT 2 2007BH,2019-11-01,1,30,28919,49351,79306
42-317-41794,8819,10354,EXXON,STRAIN 20 UNIT 2 2007BH,2019-12-01,2,31,20040,37643,55162
42-317-41794,8819,10354,EXXON,STRAIN 20 UNIT 2 2007BH,2020-01-01,3,31,18222,54052,50377
42-317-41794,8819,10354,EXXON,STRAIN 20 UNIT 2 2007BH,2020-02-01,4,29,12951,46235,35955
42-317-41794,8819,10354,EXXON,STRAIN 20 UNIT 2 2007BH,2020-03-01,5,31,13130,57559,36606
42-317-41794,8819,10354,EXXON,STRAIN 20 UNIT 2 2007BH,2020-04-01,6,30,10579,53544,29621
42-317-41794,8819,10354,EXXON,STRAIN 20 UNIT 2 2007BH,2020-05-01,7,31,4359,13213,12257
42-317-41794,8819,10354,EXXON,STRAIN 20 UNIT 2 2007BH,2020-06-01,8,30,10854,46443,30652
42-317-41794,8819,10354,EXXON,STRAIN 20 UNIT 2 2007BH,2020-07-01,9,31,7786,48569,22084
42-317-41794,8819,10354,EXXON,STRAIN 20 UNIT 2 2007BH,2020-08-01,10,31,6777,47784,19304
42-317-41794,8819,10354,EXXON,STRAIN 20 UNIT 2 2007BH,2020-09-01,11,30,5536,39883,15837
42-317-41794,8819,10354,EXXON,STRAIN 20 UNIT 2 2007BH,2020-10-01,12,31,5064,38073,14550
42-317-41794,8819,10354,EXXON,STRAIN 20 UNIT 2 2007BH,2020-11-01,13,30,4475,33861,12911
42-317-41794,8819,10354,EXXON,STRAIN 20 UNIT 2 2007BH,2020-12-01,14,31,4129,33864,11966
42-317-41794,8819,10354,EXXON,STRAIN 20 UNIT 2 2007BH,2021-01-01,15,31,3188,28797,9280
42-317-41794,8819,10354,EXXON,STRAIN 20 UNIT 2 2007BH,2021-02-01,16,28,339,4785,990
42-317-41794,8819,10354,EXXON,STRAIN 20 UNIT 2 2007BH,2021-03-01,17,31,254,2805,745
42-317-41794,8819,10354,EXXON,STRAIN 20 UNIT 2 2007BH,2021-04-01,18,30,1376,7636,4057
42-317-41794,8819,10354,EXXON,STRAIN 20 UNIT 2 2007BH,2021-05-01,19,31,2540,10137,7519
42-317-41794,8819,10354,EXXON,STRAIN 20 UNIT 2 2007BH,2021-06-01,20,30,2529,12391,7517
42-317-41794,8819,10354,EXXON,STRAIN 20 UNIT 2 2007BH,2021-07-01,21,31,3494,15070,10432
42-317-41794,8819,10354,EXXON,STRAIN 20 UNIT 2 2007BH,2021-08-01,22,31,2466,11345,7396
42-317-41794,8819,10354,EXXON,STRAIN 20 UNIT 2 2007BH,2021-09-01,23,30,3371,17418,10153
42-317-41794,8819,10354,EXXON,STRAIN 20 UNIT 2 2007BH,2021-10-01,24,31,3246,19425,9817
42-317-41794,8819,10354,EXXON,STRAIN 20 UNIT 2 2007BH,2021-11-01,25,30,2886,21147,8767
42-317-41794,8819,10354,EXXON,STRAIN 20 UNIT 2 2007BH,2021-12-01,26,31,3083,25414,9404
42-317-41794,8819,10354,EXXON,STRAIN 20 UNIT 2 2007BH,2022-01-01,27,31,2530,22571,7752
42-317-41794,8819,10354,EXXON,STRAIN 20 UNIT 2 2007BH,2022-02-01,28,28,2142,19649,6591
42-317-41794,8819,10354,EXXON,STRAIN 20 UNIT 2 2007BH,2022-03-01,29,31,2520,25102,7785
42-317-41794,8819,10354,EXXON,STRAIN 20 UNIT 2 2007BH,2022-04-01,30,30,2220,24790,6889
42-317-41794,8819,10354,EXXON,STRAIN 20 UNIT 2 2007BH,2022-05-01,31,31,2166,24405,6750
42-317-41794,8819,10354,EXXON,STRAIN 20 UNIT 2 2007BH,2022-06-01,32,30,2184,22783,6836
42-317-41794,8819,10354,EXXON,STRAIN 20 UNIT 2 2007BH,2022-07-01,33,31,1883,23204,5919
42-317-41794,8819,10354,EXXON,STRAIN 20 UNIT 2 2007BH,2022-08-01,34,31,1512,17286,4771
42-317-41794,8819,10354,EXXON,STRAIN 20 UNIT 2 2007BH,2022-09-01,35,30,2760,15902,8748
42-317-41794,8819,10354,EXXON,STRAIN 20 UNIT 2 2007BH,2022-10-01,36,31,2093,17382,6663
42-317-41794,8819,10354,EXXON,STRAIN 20 UNIT 2 2007BH,2022-11-01,37,30,1934,17316,6183
42-317-41928,8855,10354,EXXON,STRAIN 20 UNIT 1 2004BH,2019-09-01,1,30,10393,430,4739
42-317-41928,8855,10354,EXXON,STRAIN 20 UNIT 1 2004BH,2019-10-01,2,31,30571,56926,32251
42-317-41928,8855,10354,EXXON,STRAIN 20 UNIT 1 2004BH,2019-11-01,3,30,32164,80287,33965
42-317-41928,8855,10354,EXXON,STRAIN 20 UNIT 1 2004BH,2019-12-01,4,31,27457,85068,29024
42-317-41928,8855,10354,EXXON,STRAIN 20 UNIT 1 2004BH,2020-01-01,5,31,22253,82743,23548
42-317-41928,8855,10354,EXXON,STRAIN 20 UNIT 1 2004BH,2020-02-01,6,29,15313,64982,16220
42-317-41928,8855,10354,EXXON,STRAIN 20 UNIT 1 2004BH,2020-03-01,7,31,14823,77751,15717
42-317-41928,8855,10354,EXXON,STRAIN 20 UNIT 1 2004BH,2020-04-01,8,30,11690,70817,12407
42-317-41928,8855,10354,EXXON,STRAIN 20 UNIT 1 2004BH,2020-05-01,9,31,3902,18110,4145
42-317-41928,8855,10354,EXXON,STRAIN 20 UNIT 1 2004BH,2020-06-01,10,30,11566,63539,12300
42-317-41928,8855,10354,EXXON,STRAIN 20 UNIT 1 2004BH,2020-07-01,11,31,8229,69376,8760
42-317-41928,8855,10354,EXXON,STRAIN 20 UNIT 1 2004BH,2020-08-01,12,31,6805,61382,7252
42-317-41928,8855,10354,EXXON,STRAIN 20 UNIT 1 2004BH,2020-09-01,13,30,6069,59255,6473
42-317-41928,8855,10354,EXXON,STRAIN 20 UNIT 1 2004BH,2020-10-01,14,31,6200,60625,6621
42-317-41928,8855,10354,EXXON,STRAIN 20 UNIT 1 2004BH,2020-11-01,15,30,5365,55241,5734
42-317-41928,8855,10354,EXXON,STRAIN 20 UNIT 1 2004BH,2020-12-01,16,31,4033,44490,4315
42-317-41928,8855,10354,EXXON,STRAIN 20 UNIT 1 2004BH,2021-01-01,17,31,3924,39413,4202
42-317-41928,8855,10354,EXXON,STRAIN 20 UNIT 1 2004BH,2021-02-01,18,28,2278,21966,2442
42-317-41928,8855,10354,EXXON,STRAIN 20 UNIT 1 2004BH,2021-03-01,19,31,2740,19376,2940
42-317-41928,8855,10354,EXXON,STRAIN 20 UNIT 1 2004BH,2021-04-01,20,30,2757,16372,2961
42-317-41928,8855,10354,EXXON,STRAIN 20 UNIT 1 2004BH,2021-05-01,21,31,2651,13504,2850
42-317-41928,8855,10354,EXXON,STRAIN 20 UNIT 1 2004BH,2021-06-01,22,30,2510,15001,2701
42-317-41928,8855,10354,EXXON,STRAIN 20 UNIT 1 2004BH,2021-07-01,23,31,2768,18523,2982
42-317-41928,8855,10354,EXXON,STRAIN 20 UNIT 1 2004BH,2021-08-01,24,31,1192,15468,1285
42-317-41928,8855,10354,EXXON,STRAIN 20 UNIT 1 2004BH,2021-09-01,25,30,2394,12995,2585
42-317-41928,8855,10354,EXXON,STRAIN 20 UNIT 1 2004BH,2021-10-01,26,31,2760,9513,2983
42-317-41928,8855,10354,EXXON,STRAIN 20 UNIT 1 2004BH,2021-11-01,27,30,2304,21065,2493
42-317-41928,8855,10354,EXXON,STRAIN 20 UNIT 1 2004BH,2021-12-01,28,31,2253,21079,2440
42-317-41928,8855,10354,EXXON,STRAIN 20 UNIT 1 2004BH,2022-01-01,29,31,1751,16962,1899
42-317-41928,8855,10354,EXXON,STRAIN 20 UNIT 1 2004BH,2022-02-01,30,28,753,20269,817
42-317-41928,8855,10354,EXXON,STRAIN 20 UNIT 1 2004BH,2022-03-01,31,31,22,407,24
42-317-41928,8855,10354,EXXON,STRAIN 20 UNIT 1 2004BH,2022-04-01,32,30,60,706,65
42-317-41928,8855,10354,EXXON,STRAIN 20 UNIT 1 2004BH,2022-05-01,33,31,721,451,784
42-317-41928,8855,10354,EXXON,STRAIN 20 UNIT 1 2004BH,2022-06-01,34,30,1097,459,1196
42-317-41928,8855,10354,EXXON,STRAIN 20 UNIT 1 2004BH,2022-07-01,35,31,1147,263,1251
42-317-41928,8855,10354,EXXON,STRAIN 20 UNIT 1 2004BH,2022-08-01,36,31,794,372,867
42-317-41928,8855,10354,EXXON,STRAIN 20 UNIT 1 2004BH,2022-09-01,37,30,944,442,1032
42-317-41928,8855,10354,EXXON,STRAIN 20 UNIT 1 2004BH,2022-10-01,38,31,1995,505,2182
42-317-41928,8855,10354,EXXON,STRAIN 20 UNIT 1 2004BH,2022-11-01,39,30,1841,6435,2016
42-317-41003,8790,10354,EXXON,STRAIN 20 UNIT 2 2008BH,2018-05-01,1,31,24660,29476,39251
42-317-41003,8790,10354,EXXON,STRAIN 20 UNIT 2 2008BH,2018-06-01,2,30,28060,42525,44656
42-317-41003,8790,10354,EXXON,STRAIN 20 UNIT 2 2008BH,2018-07-01,3,31,28924,47774,46023
42-317-41003,8790,10354,EXXON,STRAIN 20 UNIT 2 2008BH,2018-08-01,4,31,27567,45026,43856
42-317-41003,8790,10354,EXXON,STRAIN 20 UNIT 2 2008BH,2018-09-01,5,30,26874,42664,42745
42-317-41003,8790,10354,EXXON,STRAIN 20 UNIT 2 2008BH,2018-10-01,6,31,24723,36799,39317
42-317-41003,8790,10354,EXXON,STRAIN 20 UNIT 2 2008BH,2018-11-01,7,30,28027,45091,44564
42-317-41003,8790,10354,EXXON,STRAIN 20 UNIT 2 2008BH,2018-12-01,8,31,28549,51726,45386
42-317-41003,8790,10354,EXXON,STRAIN 20 UNIT 2 2008BH,2019-01-01,9,31,27366,56793,43497
42-317-41003,8790,10354,EXXON,STRAIN 20 UNIT 2 2008BH,2019-02-01,10,28,20946,40471,33287
42-317-41003,8790,10354,EXXON,STRAIN 20 UNIT 2 2008BH,2019-03-01,11,31,22682,56725,36040
42-317-41003,8790,10354,EXXON,STRAIN 20 UNIT 2 2008BH,2019-04-01,12,30,20418,58063,32437
42-317-41003,8790,10354,EXXON,STRAIN 20 UNIT 2 2008BH,2019-05-01,13,31,1815,5516,2882
42-317-41003,8790,10354,EXXON,STRAIN 20 UNIT 2 2008BH,2019-06-01,14,30,143,0,227
42-317-41003,8790,10354,EXXON,STRAIN 20 UNIT 2 2008BH,2019-07-01,15,0,0,0,0
42-317-41003,8790,10354,EXXON,STRAIN 20 UNIT 2 2008BH,2019-08-01,16,0,0,0,0
42-317-41003,8790,10354,EXXON,STRAIN 20 UNIT 2 2008BH,2019-09-01,17,0,0,0,0
42-317-41003,8790,10354,EXXON,STRAIN 20 UNIT 2 2008BH,2019-10-01,18,31,2175,1698,3451
42-317-41003,8790,10354,EXXON,STRAIN 20 UNIT 2 2008BH,2019-11-01,19,30,6021,4777,9553
42-317-41003,8790,10354,EXXON,STRAIN 20 UNIT 2 2008BH,2019-12-01,20,31,4161,3607,6600
42-317-41003,8790,10354,EXXON,STRAIN 20 UNIT 2 2008BH,2020-01-01,21,31,3808,5173,6040
42-317-41003,8790,10354,EXXON,STRAIN 20 UNIT 2 2008BH,2020-02-01,22,29,2724,4420,4320
42-317-41003,8790,10354,EXXON,STRAIN 20 UNIT 2 2008BH,2020-03-01,23,31,2780,5497,4407
42-317-41003,8790,10354,EXXON,STRAIN 20 UNIT 2 2008BH,2020-04-01,24,30,2254,5108,3574
42-317-41003,8790,10354,EXXON,STRAIN 20 UNIT 2 2008BH,2020-05-01,25,31,935,1259,1482
42-317-41003,8790,10354,EXXON,STRAIN 20 UNIT 2 2008BH,2020-06-01,26,30,2343,4421,3714
42-317-41003,8790,10354,EXXON,STRAIN 20 UNIT 2 2008BH,2020-07-01,27,31,1692,4618,2681
42-317-41003,8790,10354,EXXON,STRAIN 20 UNIT 2 2008BH,2020-08-01,28,31,1483,4538,2349
42-317-41003,8790,10354,EXXON,STRAIN 20 UNIT 2 2008BH,2020-09-01,29,30,1219,3784,1931
42-317-41003,8790,10354,EXXON,STRAIN 20 UNIT 2 2008BH,2020-10-01,30,31,1123,3608,1778
42-317-41003,8790,10354,EXXON,STRAIN 20 UNIT 2 2008BH,2020-11-01,31,30,998,3205,1581
42-317-41003,8790,10354,EXXON,STRAIN 20 UNIT 2 2008BH,2020-12-01,32,31,927,3202,1468
42-317-41003,8790,10354,EXXON,STRAIN 20 UNIT 2 2008BH,2021-01-01,33,31,721,2720,1141
42-317-41003,8790,10354,EXXON,STRAIN 20 UNIT 2 2008BH,2021-02-01,34,28,77,451,122
42-317-41003,8790,10354,EXXON,STRAIN 20 UNIT 2 2008BH,2021-03-01,35,31,58,264,92
42-317-41003,8790,10354,EXXON,STRAIN 20 UNIT 2 2008BH,2021-04-01,36,30,317,719,502
42-317-41003,8790,10354,EXXON,STRAIN 20 UNIT 2 2008BH,2021-05-01,37,31,589,953,932
42-317-41003,8790,10354,EXXON,STRAIN 20 UNIT 2 2008BH,2021-06-01,38,30,590,1164,934
42-317-41003,8790,10354,EXXON,STRAIN 20 UNIT 2 2008BH,2021-07-01,39,31,821,1414,1298
42-317-41003,8790,10354,EXXON,STRAIN 20 UNIT 2 2008BH,2021-08-01,40,31,584,1063,922
42-317-41003,8790,10354,EXXON,STRAIN 20 UNIT 2 2008BH,2021-09-01,41,30,803,1631,1269
42-317-41003,8790,10354,EXXON,STRAIN 20 UNIT 2 2008BH,2021-10-01,42,31,778,1817,1230
42-317-41003,8790,10354,EXXON,STRAIN 20 UNIT 2 2008BH,2021-11-01,43,30,696,1975,1100
42-317-41003,8790,10354,EXXON,STRAIN 20 UNIT 2 2008BH,2021-12-01,44,31,749,2371,1183
42-317-41003,8790,10354,EXXON,STRAIN 20 UNIT 2 2008BH,2022-01-01,45,31,619,2104,977
42-317-41003,8790,10354,EXXON,STRAIN 20 UNIT 2 2008BH,2022-02-01,46,28,527,1829,832
42-317-41003,8790,10354,EXXON,STRAIN 20 UNIT 2 2008BH,2022-03-01,47,31,624,2335,985
42-317-41003,8790,10354,EXXON,STRAIN 20 UNIT 2 2008BH,2022-04-01,48,30,553,2303,874
42-317-41003,8790,10354,EXXON,STRAIN 20 UNIT 2 2008BH,2022-05-01,49,31,543,2265,858
42-317-41003,8790,10354,EXXON,STRAIN 20 UNIT 2 2008BH,2022-06-01,50,30,552,2112,870
42-317-41003,8790,10354,EXXON,STRAIN 20 UNIT 2 2008BH,2022-07-01,51,31,479,2149,755
42-317-41003,8790,10354,EXXON,STRAIN 20 UNIT 2 2008BH,2022-08-01,52,31,387,1599,610
42-317-41003,8790,10354,EXXON,STRAIN 20 UNIT 2 2008BH,2022-09-01,53,30,711,1469,1121
42-317-41003,8790,10354,EXXON,STRAIN 20 UNIT 2 2008BH,2022-10-01,54,31,543,1604,855
42-317-41003,8790,10354,EXXON,STRAIN 20 UNIT 2 2008BH,2022-11-01,55,30,505,1596,796
42-317-42457,8828,10402,EXXON,DARK STAR UNIT 1 2102BH,2021-05-01,1,31,25815,31824,78254
42-317-42457,8828,10402,EXXON,DARK STAR UNIT 1 2102BH,2021-06-01,2,30,21314,26112,64657
42-317-42457,8828,10402,EXXON,DARK STAR UNIT 1 2102BH,2021-07-01,3,31,21522,31731,65334
42-317-42457,8828,10402,EXXON,DARK STAR UNIT 1 2102BH,2021-08-01,4,31,14312,29977,43482
42-317-42457,8828,10402,EXXON,DARK STAR UNIT 1 2102BH,2021-09-01,5,30,11469,35203,34869
42-317-42457,8828,10402,EXXON,DARK STAR UNIT 1 2102BH,2021-10-01,6,31,9730,38095,29603
42-317-42457,8828,10402,EXXON,DARK STAR UNIT 1 2102BH,2021-11-01,7,30,7796,35749,23738
42-317-42457,8828,10402,EXXON,DARK STAR UNIT 1 2102BH,2021-12-01,8,31,7457,38028,22721
42-317-42457,8828,10402,EXXON,DARK STAR UNIT 1 2102BH,2022-01-01,9,31,5411,29690,16500
42-317-42457,8828,10402,EXXON,DARK STAR UNIT 1 2102BH,2022-02-01,10,28,4296,22709,13109
42-317-42457,8828,10402,EXXON,DARK STAR UNIT 1 2102BH,2022-03-01,11,31,4461,27557,13622
42-317-42457,8828,10402,EXXON,DARK STAR UNIT 1 2102BH,2022-04-01,12,30,3150,23177,9627
42-317-42457,8828,10402,EXXON,DARK STAR UNIT 1 2102BH,2022-05-01,13,31,3265,24568,9987
42-317-42457,8828,10402,EXXON,DARK STAR UNIT 1 2102BH,2022-06-01,14,30,2952,23284,9036
42-317-42457,8828,10402,EXXON,DARK STAR UNIT 1 2102BH,2022-07-01,15,31,3233,26901,9903
42-317-42457,8828,10402,EXXON,DARK STAR UNIT 1 2102BH,2022-08-01,16,31,2504,21248,7677
42-317-42457,8828,10402,EXXON,DARK STAR UNIT 1 2102BH,2022-09-01,17,30,2881,23954,8838
42-317-42457,8828,10402,EXXON,DARK STAR UNIT 1 2102BH,2022-10-01,18,31,2762,24001,8479
42-317-42457,8828,10402,EXXON,DARK STAR UNIT 1 2102BH,2022-11-01,19,30,2331,24655,7161
42-317-40722,8544,9659,LARIO OIL & GAS COMPANY,HALSEY 101WB,2018-01-01,1,31,4448,4830,7429
42-317-40722,8544,9659,LARIO OIL & GAS COMPANY,HALSEY 101WB,2018-02-01,2,28,18325,11554,30519
42-317-40722,8544,9659,LARIO OIL & GAS COMPANY,HALSEY 101WB,2018-03-01,3,31,17462,44606,29000
42-317-40722,8544,9659,LARIO OIL & GAS COMPANY,HALSEY 101WB,2018-04-01,4,30,9472,8578,15684
42-317-40722,8544,9659,LARIO OIL & GAS COMPANY,HALSEY 101WB,2018-05-01,5,31,3508,1921,5792
42-317-40722,8544,9659,LARIO OIL & GAS COMPANY,HALSEY 101WB,2018-06-01,6,30,12416,44447,20439
42-317-40722,8544,9659,LARIO OIL & GAS COMPANY,HALSEY 101WB,2018-07-01,7,31,10614,13754,17422
42-317-40722,8544,9659,LARIO OIL & GAS COMPANY,HALSEY 101WB,2018-08-01,8,31,8961,11606,14665
42-317-40722,8544,9659,LARIO OIL & GAS COMPANY,HALSEY 101WB,2018-09-01,9,30,7256,23301,11840
42-317-40722,8544,9659,LARIO OIL & GAS COMPANY,HALSEY 101WB,2018-10-01,10,31,7153,932,11637
42-317-40722,8544,9659,LARIO OIL & GAS COMPANY,HALSEY 101WB,2018-11-01,11,30,7246,1856,11754
42-317-40722,8544,9659,LARIO OIL & GAS COMPANY,HALSEY 101WB,2018-12-01,12,31,6753,2663,10922
42-317-40722,8544,9659,LARIO OIL & GAS COMPANY,HALSEY 101WB,2019-01-01,13,31,6022,0,9711
42-317-40722,8544,9659,LARIO OIL & GAS COMPANY,HALSEY 101WB,2019-02-01,14,28,2400,0,3859
42-317-40722,8544,9659,LARIO OIL & GAS COMPANY,HALSEY 101WB,2019-03-01,15,31,5328,0,8543
42-317-40722,8544,9659,LARIO OIL & GAS COMPANY,HALSEY 101WB,2019-04-01,16,30,1688,0,2699
42-317-40722,8544,9659,LARIO OIL & GAS COMPANY,HALSEY 101WB,2019-05-01,17,31,4939,0,7873
42-317-40722,8544,9659,LARIO OIL & GAS COMPANY,HALSEY 101WB,2019-06-01,18,30,4277,0,6798
42-317-40722,8544,9659,LARIO OIL & GAS COMPANY,HALSEY 101WB,2019-07-01,19,31,3557,0,5637
42-317-40722,8544,9659,LARIO OIL & GAS COMPANY,HALSEY 101WB,2019-08-01,20,31,3747,0,5921
42-317-40722,8544,9659,LARIO OIL & GAS COMPANY,HALSEY 101WB,2019-09-01,21,30,4522,0,7124
42-317-40722,8544,9659,LARIO OIL & GAS COMPANY,HALSEY 101WB,2019-10-01,22,31,3361,0,5280
42-317-40722,8544,9659,LARIO OIL & GAS COMPANY,HALSEY 101WB,2019-11-01,23,30,2023,6,3169
42-317-40722,8544,9659,LARIO OIL & GAS COMPANY,HALSEY 101WB,2019-12-01,24,31,1495,0,2335
42-317-40722,8544,9659,LARIO OIL & GAS COMPANY,HALSEY 101WB,2020-01-01,25,31,2976,0,4634
42-317-40722,8544,9659,LARIO OIL & GAS COMPANY,HALSEY 101WB,2020-02-01,26,29,2147,0,3333
42-317-40722,8544,9659,LARIO OIL & GAS COMPANY,HALSEY 101WB,2020-03-01,27,31,3395,0,5256
42-317-40722,8544,9659,LARIO OIL & GAS COMPANY,HALSEY 101WB,2020-04-01,28,30,3445,0,5317
42-317-40722,8544,9659,LARIO OIL & GAS COMPANY,HALSEY 101WB,2020-05-01,29,31,3629,0,5585
42-317-40722,8544,9659,LARIO OIL & GAS COMPANY,HALSEY 101WB,2020-06-01,30,30,3113,334,4777
42-317-40722,8544,9659,LARIO OIL & GAS COMPANY,HALSEY 101WB,2020-07-01,31,31,2998,8,4587
42-317-40722,8544,9659,LARIO OIL & GAS COMPANY,HALSEY 101WB,2020-08-01,32,31,2700,5048,4119
42-317-40722,8544,9659,LARIO OIL & GAS COMPANY,HALSEY 101WB,2020-09-01,33,30,3652,3048,5555
42-317-40722,8544,9659,LARIO OIL & GAS COMPANY,HALSEY 101WB,2020-10-01,34,31,3370,2686,5111
42-317-40722,8544,9659,LARIO OIL & GAS COMPANY,HALSEY 101WB,2020-11-01,35,30,2713,5134,4102
42-317-40722,8544,9659,LARIO OIL & GAS COMPANY,HALSEY 101WB,2020-12-01,36,31,3059,4430,4612
42-317-40722,8544,9659,LARIO OIL & GAS COMPANY,HALSEY 101WB,2021-01-01,37,31,2254,3936,3388
42-317-40722,8544,9659,LARIO OIL & GAS COMPANY,HALSEY 101WB,2021-02-01,38,28,796,4686,1193
42-317-40722,8544,9659,LARIO OIL & GAS COMPANY,HALSEY 101WB,2021-03-01,39,31,3859,41932,5768
42-317-40722,8544,9659,LARIO OIL & GAS COMPANY,HALSEY 101WB,2021-04-01,40,30,3923,23293,5847
42-317-40722,8544,9659,LARIO OIL & GAS COMPANY,HALSEY 101WB,2021-05-01,41,31,3181,21855,4727
42-317-40722,8544,9659,LARIO OIL & GAS COMPANY,HALSEY 101WB,2021-06-01,42,30,2646,29842,3920
42-317-40722,8544,9659,LARIO OIL & GAS COMPANY,HALSEY 101WB,2021-07-01,43,31,2186,36472,3229
42-317-40722,8544,9659,LARIO OIL & GAS COMPANY,HALSEY 101WB,2021-08-01,44,31,2661,23445,3919
42-317-40722,8544,9659,LARIO OIL & GAS COMPANY,HALSEY 101WB,2021-09-01,45,30,2790,47755,4097
42-317-40722,8544,9659,LARIO OIL & GAS COMPANY,HALSEY 101WB,2021-10-01,46,31,2521,34230,3691
42-317-40722,8544,9659,LARIO OIL & GAS COMPANY,HALSEY 101WB,2021-11-01,47,30,2322,43604,3390
42-317-40722,8544,9659,LARIO OIL & GAS COMPANY,HALSEY 101WB,2021-12-01,48,31,2573,63589,3746
42-317-40722,8544,9659,LARIO OIL & GAS COMPANY,HALSEY 101WB,2022-01-01,49,31,2269,65629,3293
42-317-40722,8544,9659,LARIO OIL & GAS COMPANY,HALSEY 101WB,2022-02-01,50,28,1648,32570,2385
42-317-40722,8544,9659,LARIO OIL & GAS COMPANY,HALSEY 101WB,2022-03-01,51,31,2,5000,3
42-317-40722,8544,9659,LARIO OIL & GAS COMPANY,HALSEY 101WB,2022-04-01,52,30,1,5141,1
42-317-40722,8544,9659,LARIO OIL & GAS COMPANY,HALSEY 101WB,2022-05-01,53,31,1,3404,1
42-317-40722,8544,9659,LARIO OIL & GAS COMPANY,HALSEY 101WB,2022-06-01,54,30,0,4095,0
42-317-40722,8544,9659,LARIO OIL & GAS COMPANY,HALSEY 101WB,2022-07-01,55,31,0,25824,0
42-317-40722,8544,9659,LARIO OIL & GAS COMPANY,HALSEY 101WB,2022-08-01,56,0,0,0,0
42-317-40722,8544,9659,LARIO OIL & GAS COMPANY,HALSEY 101WB,2022-09-01,57,30,3,36258,4
42-317-43107,8767,10406,CHEVRON,VLT WEATHERBY UNIT 0152WB,2021-01-01,1,31,19655,18765,34178
42-317-43107,8767,10406,CHEVRON,VLT WEATHERBY UNIT 0152WB,2021-02-01,2,28,21525,25141,36821
42-317-43107,8767,10406,CHEVRON,VLT WEATHERBY UNIT 0152WB,2021-03-01,3,31,23467,40309,39349
42-317-43107,8767,10406,CHEVRON,VLT WEATHERBY UNIT 0152WB,2021-04-01,4,30,17853,41246,29322
42-317-43107,8767,10406,CHEVRON,VLT WEATHERBY UNIT 0152WB,2021-05-01,5,31,15530,40919,24985
42-317-43107,8767,10406,CHEVRON,VLT WEATHERBY UNIT 0152WB,2021-06-01,6,30,12823,35758,20207
42-317-43107,8767,10406,CHEVRON,VLT WEATHERBY UNIT 0152WB,2021-07-01,7,31,11238,29384,17347
42-317-43107,8767,10406,CHEVRON,VLT WEATHERBY UNIT 0152WB,2021-08-01,8,31,10756,24337,16257
42-317-43107,8767,10406,CHEVRON,VLT WEATHERBY UNIT 0152WB,2021-09-01,9,30,6307,19240,9337
42-317-43107,8767,10406,CHEVRON,VLT WEATHERBY UNIT 0152WB,2021-10-01,10,31,8773,35153,12722
42-317-43107,8767,10406,CHEVRON,VLT WEATHERBY UNIT 0152WB,2021-11-01,11,30,5915,36165,8403
42-317-43107,8767,10406,CHEVRON,VLT WEATHERBY UNIT 0152WB,2021-12-01,12,31,4090,21000,4979
42-317-43107,8767,10406,CHEVRON,VLT WEATHERBY UNIT 0152WB,2022-01-01,13,31,5415,19091,6101
42-317-43107,8767,10406,CHEVRON,VLT WEATHERBY UNIT 0152WB,2022-02-01,14,28,5918,21256,6668
42-317-43107,8767,10406,CHEVRON,VLT WEATHERBY UNIT 0152WB,2022-03-01,15,31,5024,17951,5661
42-317-43107,8767,10406,CHEVRON,VLT WEATHERBY UNIT 0152WB,2022-04-01,16,30,6465,21557,7251
42-317-43107,8767,10406,CHEVRON,VLT WEATHERBY UNIT 0152WB,2022-05-01,17,31,3990,15341,4430
42-317-43107,8767,10406,CHEVRON,VLT WEATHERBY UNIT 0152WB,2022-06-01,18,30,4556,8930,5007
42-317-43107,8767,10406,CHEVRON,VLT WEATHERBY UNIT 0152WB,2022-07-01,19,31,2826,2451,3074
42-317-43107,8767,10406,CHEVRON,VLT WEATHERBY UNIT 0152WB,2022-08-01,20,31,4326,14858,4658
42-317-43107,8767,10406,CHEVRON,VLT WEATHERBY UNIT 0152WB,2022-09-01,21,30,3321,10782,3539
42-317-43107,8767,10406,CHEVRON,VLT WEATHERBY UNIT 0152WB,2022-10-01,22,31,4617,14377,4871
42-317-41396,9013,10326,EXXON,LENORAH 1-02 0602BH,2018-12-01,1,31,7638,5362,16235
42-317-41396,9013,10326,EXXON,LENORAH 1-02 0602BH,2019-01-01,2,31,19576,34912,41564
42-317-41396,9013,10326,EXXON,LENORAH 1-02 0602BH,2019-02-01,3,28,13784,35579,29216
42-317-41396,9013,10326,EXXON,LENORAH 1-02 0602BH,2019-03-01,4,31,19021,29359,40249
42-317-41396,9013,10326,EXXON,LENORAH 1-02 0602BH,2019-04-01,5,30,17893,36489,37796
42-317-41396,9013,10326,EXXON,LENORAH 1-02 0602BH,2019-05-01,6,31,11976,57889,25253
42-317-41396,9013,10326,EXXON,LENORAH 1-02 0602BH,2019-06-01,7,30,8289,59200,17448
42-317-41396,9013,10326,EXXON,LENORAH 1-02 0602BH,2019-07-01,8,31,6910,59616,14520
42-317-41396,9013,10326,EXXON,LENORAH 1-02 0602BH,2019-08-01,9,31,9956,34172,20883
42-317-41396,9013,10326,EXXON,LENORAH 1-02 0602BH,2019-09-01,10,30,8959,33491,18759
42-317-41396,9013,10326,EXXON,LENORAH 1-02 0602BH,2019-10-01,11,31,7483,30023,15642
42-317-41396,9013,10326,EXXON,LENORAH 1-02 0602BH,2019-11-01,12,30,5860,25747,12227
42-317-41396,9013,10326,EXXON,LENORAH 1-02 0602BH,2019-12-01,13,31,8726,25034,18175
42-317-41396,9013,10326,EXXON,LENORAH 1-02 0602BH,2020-01-01,14,31,7480,30956,15554
42-317-41396,9013,10326,EXXON,LENORAH 1-02 0602BH,2020-02-01,15,29,5664,22178,11758
42-317-41396,9013,10326,EXXON,LENORAH 1-02 0602BH,2020-03-01,16,31,5246,24468,10870
42-317-41396,9013,10326,EXXON,LENORAH 1-02 0602BH,2020-04-01,17,30,3727,17581,7709
42-317-41396,9013,10326,EXXON,LENORAH 1-02 0602BH,2020-05-01,18,31,5516,7290,11390
42-317-41396,9013,10326,EXXON,LENORAH 1-02 0602BH,2020-06-01,19,30,6588,19961,13581
42-317-41396,9013,10326,EXXON,LENORAH 1-02 0602BH,2020-07-01,20,31,7086,34948,14582
42-317-41396,9013,10326,EXXON,LENORAH 1-02 0602BH,2020-08-01,21,31,6446,32568,13242
42-317-41396,9013,10326,EXXON,LENORAH 1-02 0602BH,2020-09-01,22,30,5265,30089,10796
42-317-41396,9013,10326,EXXON,LENORAH 1-02 0602BH,2020-10-01,23,31,4264,35171,8729
42-317-41396,9013,10326,EXXON,LENORAH 1-02 0602BH,2020-11-01,24,30,3900,31850,7969
42-317-41396,9013,10326,EXXON,LENORAH 1-02 0602BH,2020-12-01,25,31,2318,11965,4728
42-317-41396,9013,10326,EXXON,LENORAH 1-02 0602BH,2021-01-01,26,31,2651,6652,5399
42-317-41396,9013,10326,EXXON,LENORAH 1-02 0602BH,2021-02-01,27,28,1490,7618,3029
42-317-41396,9013,10326,EXXON,LENORAH 1-02 0602BH,2021-03-01,28,31,3179,13719,6452
42-317-41396,9013,10326,EXXON,LENORAH 1-02 0602BH,2021-04-01,29,30,2314,8008,4687
42-317-41396,9013,10326,EXXON,LENORAH 1-02 0602BH,2021-05-01,30,31,1702,4974,3442
42-317-41396,9013,10326,EXXON,LENORAH 1-02 0602BH,2021-06-01,31,30,2637,7812,5323
42-317-41396,9013,10326,EXXON,LENORAH 1-02 0602BH,2021-07-01,32,31,2763,10500,5568
42-317-41396,9013,10326,EXXON,LENORAH 1-02 0602BH,2021-08-01,33,31,1270,11426,2555
42-317-41396,9013,10326,EXXON,LENORAH 1-02 0602BH,2021-09-01,34,30,1731,12402,3475
42-317-41396,9013,10326,EXXON,LENORAH 1-02 0602BH,2021-10-01,35,31,2708,9628,5429
42-317-41396,9013,10326,EXXON,LENORAH 1-02 0602BH,2021-11-01,36,30,2566,19996,5135
42-317-41396,9013,10326,EXXON,LENORAH 1-02 0602BH,2021-12-01,37,31,2975,29144,5944
42-317-41396,9013,10326,EXXON,LENORAH 1-02 0602BH,2022-01-01,38,31,2399,24860,4783
42-317-41396,9013,10326,EXXON,LENORAH 1-02 0602BH,2022-02-01,39,28,1556,62766,3097
42-317-41396,9013,10326,EXXON,LENORAH 1-02 0602BH,2022-03-01,40,31,1342,11109,2667
42-317-41396,9013,10326,EXXON,LENORAH 1-02 0602BH,2022-04-01,41,30,1802,5877,3574
42-317-41396,9013,10326,EXXON,LENORAH 1-02 0602BH,2022-05-01,42,31,1191,2617,2359
42-317-41396,9013,10326,EXXON,LENORAH 1-02 0602BH,2022-06-01,43,30,774,2277,1531
42-317-41396,9013,10326,EXXON,LENORAH 1-02 0602BH,2022-07-01,44,31,2092,8254,4129
42-317-41396,9013,10326,EXXON,LENORAH 1-02 0602BH,2022-08-01,45,31,2188,9516,4310
42-317-41396,9013,10326,EXXON,LENORAH 1-02 0602BH,2022-09-01,46,30,1930,7526,3795
42-317-41396,9013,10326,EXXON,LENORAH 1-02 0602BH,2022-10-01,47,31,845,5368,1658
42-317-41396,9013,10326,EXXON,LENORAH 1-02 0602BH,2022-11-01,48,30,801,6559,1569
42-317-43609,8990,10431,EXXON,STRAIN 19 UNIT 1 1901BH,2022-07-01,1,31,8137,12693,14051
42-317-43609,8990,10431,EXXON,STRAIN 19 UNIT 1 1901BH,2022-08-01,2,31,13083,18582,22663
42-317-43609,8990,10431,EXXON,STRAIN 19 UNIT 1 1901BH,2022-09-01,3,30,13979,19808,24304
42-317-43609,8990,10431,EXXON,STRAIN 19 UNIT 1 1901BH,2022-10-01,4,31,12332,20122,21520
42-317-43609,8990,10431,EXXON,STRAIN 19 UNIT 1 1901BH,2022-11-01,5,30,10290,21150,18024
42-317-43602,8930,10439,EXXON,STRAIN 19 UNIT 1 1903 1903BH,2022-06-01,1,30,838,1351,1900
42-317-43602,8930,10439,EXXON,STRAIN 19 UNIT 1 1903 1903BH,2022-07-01,2,31,8823,16800,20062
42-317-43602,8930,10439,EXXON,STRAIN 19 UNIT 1 1903 1903BH,2022-08-01,3,31,9898,17200,22605
42-317-43602,8930,10439,EXXON,STRAIN 19 UNIT 1 1903 1903BH,2022-09-01,4,30,10561,18322,24226
42-317-43602,8930,10439,EXXON,STRAIN 19 UNIT 1 1903 1903BH,2022-10-01,5,31,9304,18600,21437
42-317-43602,8930,10439,EXXON,STRAIN 19 UNIT 1 1903 1903BH,2022-11-01,6,30,7753,19536,17943
42-317-43585,8930,10432,EXXON,STRAIN 19 UNIT 2 1904 1964DH,2022-06-01,1,30,11624,18915,30051
42-317-43585,8930,10432,EXXON,STRAIN 19 UNIT 2 1904 1964DH,2022-07-01,2,31,22140,33278,57256
42-317-43585,8930,10432,EXXON,STRAIN 19 UNIT 2 1904 1964DH,2022-08-01,3,31,26454,29456,68438
42-317-43585,8930,10432,EXXON,STRAIN 19 UNIT 2 1904 1964DH,2022-09-01,4,30,32648,50099,84495
42-317-43585,8930,10432,EXXON,STRAIN 19 UNIT 2 1904 1964DH,2022-10-01,5,31,27239,56140,70522
42-317-43585,8930,10432,EXXON,STRAIN 19 UNIT 2 1904 1964DH,2022-11-01,6,30,22244,47281,57612
42-317-40742,8741,7350,"VENCER ENERGY, LLC",MCMURRY-CRIM 70 107HB,2017-11-01,1,30,13147,11784,28996
42-317-40742,8741,7350,"VENCER ENERGY, LLC",MCMURRY-CRIM 70 107HB,2017-12-01,2,31,14854,10095,32742
42-317-40742,8741,7350,"VENCER ENERGY, LLC",MCMURRY-CRIM 70 107HB,2018-01-01,3,31,11942,4721,26306
42-317-40742,8741,7350,"VENCER ENERGY, LLC",MCMURRY-CRIM 70 107HB,2018-02-01,4,28,9763,14146,21492
42-317-40742,8741,7350,"VENCER ENERGY, LLC",MCMURRY-CRIM 70 107HB,2018-03-01,5,31,13652,31894,30034
42-317-40742,8741,7350,"VENCER ENERGY, LLC",MCMURRY-CRIM 70 107HB,2018-04-01,6,30,8861,25860,19481
42-317-40742,8741,7350,"VENCER ENERGY, LLC",MCMURRY-CRIM 70 107HB,2018-05-01,7,31,1133,7101,2489
42-317-40742,8741,7350,"VENCER ENERGY, LLC",MCMURRY-CRIM 70 107HB,2018-06-01,8,30,3447,5319,7568
42-317-40742,8741,7350,"VENCER ENERGY, LLC",MCMURRY-CRIM 70 107HB,2018-07-01,9,31,4591,3432,10074
42-317-40742,8741,7350,"VENCER ENERGY, LLC",MCMURRY-CRIM 70 107HB,2018-08-01,10,31,10621,3567,23288
42-317-40742,8741,7350,"VENCER ENERGY, LLC",MCMURRY-CRIM 70 107HB,2018-09-01,11,30,12444,7513,27269
42-317-40742,8741,7350,"VENCER ENERGY, LLC",MCMURRY-CRIM 70 107HB,2018-10-01,12,31,12057,13652,26403
42-317-40742,8741,7350,"VENCER ENERGY, LLC",MCMURRY-CRIM 70 107HB,2018-11-01,13,30,9836,11699,21526
42-317-40742,8741,7350,"VENCER ENERGY, LLC",MCMURRY-CRIM 70 107HB,2018-12-01,14,31,9923,11447,21700
42-317-40742,8741,7350,"VENCER ENERGY, LLC",MCMURRY-CRIM 70 107HB,2019-01-01,15,31,7217,6709,15773
42-317-40742,8741,7350,"VENCER ENERGY, LLC",MCMURRY-CRIM 70 107HB,2019-02-01,16,28,107,0,234
42-317-40742,8741,7350,"VENCER ENERGY, LLC",MCMURRY-CRIM 70 107HB,2019-03-01,17,31,2955,3186,6450
42-317-40742,8741,7350,"VENCER ENERGY, LLC",MCMURRY-CRIM 70 107HB,2019-04-01,18,30,5608,1767,12233
42-317-40742,8741,7350,"VENCER ENERGY, LLC",MCMURRY-CRIM 70 107HB,2019-05-01,19,31,6208,2331,13532
42-317-40742,8741,7350,"VENCER ENERGY, LLC",MCMURRY-CRIM 70 107HB,2019-06-01,20,30,6655,7640,14497
42-317-40742,8741,7350,"VENCER ENERGY, LLC",MCMURRY-CRIM 70 107HB,2019-07-01,21,31,9837,10296,21414
42-317-40742,8741,7350,"VENCER ENERGY, LLC",MCMURRY-CRIM 70 107HB,2019-08-01,22,31,10166,11948,22116
42-317-40742,8741,7350,"VENCER ENERGY, LLC",MCMURRY-CRIM 70 107HB,2019-09-01,23,30,9927,10977,21581
42-317-40742,8741,7350,"VENCER ENERGY, LLC",MCMURRY-CRIM 70 107HB,2019-10-01,24,31,9603,14769,20864
42-317-40742,8741,7350,"VENCER ENERGY, LLC",MCMURRY-CRIM 70 107HB,2019-11-01,25,30,7494,16150,16272
42-317-40742,8741,7350,"VENCER ENERGY, LLC",MCMURRY-CRIM 70 107HB,2019-12-01,26,31,7054,17640,15305
42-317-40742,8741,7350,"VENCER ENERGY, LLC",MCMURRY-CRIM 70 107HB,2020-01-01,27,31,7157,13613,15518
42-317-40742,8741,7350,"VENCER ENERGY, LLC",MCMURRY-CRIM 70 107HB,2020-02-01,28,29,6765,12983,14659
42-317-40742,8741,7350,"VENCER ENERGY, LLC",MCMURRY-CRIM 70 107HB,2020-03-01,29,31,6747,13796,14611
42-317-40742,8741,7350,"VENCER ENERGY, LLC",MCMURRY-CRIM 70 107HB,2020-04-01,30,30,5699,11627,12334
42-317-40742,8741,7350,"VENCER ENERGY, LLC",MCMURRY-CRIM 70 107HB,2020-05-01,31,31,5385,12422,11646
42-317-40742,8741,7350,"VENCER ENERGY, LLC",MCMURRY-CRIM 70 107HB,2020-06-01,32,30,5068,11021,10953
42-317-40742,8741,7350,"VENCER ENERGY, LLC",MCMURRY-CRIM 70 107HB,2020-07-01,33,31,4609,8521,9955
42-317-40742,8741,7350,"VENCER ENERGY, LLC",MCMURRY-CRIM 70 107HB,2020-08-01,34,31,4479,10272,9668
42-317-40742,8741,7350,"VENCER ENERGY, LLC",MCMURRY-CRIM 70 107HB,2020-09-01,35,30,4120,9225,8886
42-317-40742,8741,7350,"VENCER ENERGY, LLC",MCMURRY-CRIM 70 107HB,2020-10-01,36,31,3532,6157,7613
42-317-40742,8741,7350,"VENCER ENERGY, LLC",MCMURRY-CRIM 70 107HB,2020-11-01,37,30,4008,8401,8633
42-317-40742,8741,7350,"VENCER ENERGY, LLC",MCMURRY-CRIM 70 107HB,2020-12-01,38,31,2810,5798,6049
42-317-40742,8741,7350,"VENCER ENERGY, LLC",MCMURRY-CRIM 70 107HB,2021-01-01,39,31,3407,8453,7329
42-317-40742,8741,7350,"VENCER ENERGY, LLC",MCMURRY-CRIM 70 107HB,2021-02-01,40,28,2717,6052,5840
42-317-40742,8741,7350,"VENCER ENERGY, LLC",MCMURRY-CRIM 70 107HB,2021-03-01,41,31,4309,7585,9259
42-317-40742,8741,7350,"VENCER ENERGY, LLC",MCMURRY-CRIM 70 107HB,2021-04-01,42,30,3526,8946,7570
42-317-40742,8741,7350,"VENCER ENERGY, LLC",MCMURRY-CRIM 70 107HB,2021-05-01,43,31,3906,11571,8381
42-317-40742,8741,7350,"VENCER ENERGY, LLC",MCMURRY-CRIM 70 107HB,2021-06-01,44,30,3117,10699,6683
42-317-40742,8741,7350,"VENCER ENERGY, LLC",MCMURRY-CRIM 70 107HB,2021-07-01,45,31,3026,11174,6484
42-317-40742,8741,7350,"VENCER ENERGY, LLC",MCMURRY-CRIM 70 107HB,2021-08-01,46,31,2842,10459,6086
42-317-40742,8741,7350,"VENCER ENERGY, LLC",MCMURRY-CRIM 70 107HB,2021-09-01,47,30,2742,12265,5869
42-317-40742,8741,7350,"VENCER ENERGY, LLC",MCMURRY-CRIM 70 107HB,2021-10-01,48,31,2708,13000,5791
42-317-40742,8741,7350,"VENCER ENERGY, LLC",MCMURRY-CRIM 70 107HB,2021-11-01,49,30,2357,11476,5038
42-317-40742,8741,7350,"VENCER ENERGY, LLC",MCMURRY-CRIM 70 107HB,2021-12-01,50,31,2568,11257,5486
42-317-40742,8741,7350,"VENCER ENERGY, LLC",MCMURRY-CRIM 70 107HB,2022-01-01,51,31,2421,11277,5168
42-317-40742,8741,7350,"VENCER ENERGY, LLC",MCMURRY-CRIM 70 107HB,2022-02-01,52,28,2476,10126,5282
42-317-40742,8741,7350,"VENCER ENERGY, LLC",MCMURRY-CRIM 70 107HB,2022-03-01,53,31,2727,13282,5812
42-317-40742,8741,7350,"VENCER ENERGY, LLC",MCMURRY-CRIM 70 107HB,2022-04-01,54,30,2235,8273,4762
42-317-40742,8741,7350,"VENCER ENERGY, LLC",MCMURRY-CRIM 70 107HB,2022-05-01,55,31,487,2778,1037
42-317-40742,8741,7350,"VENCER ENERGY, LLC",MCMURRY-CRIM 70 107HB,2022-06-01,56,30,331,2883,704
42-317-40742,8741,7350,"VENCER ENERGY, LLC",MCMURRY-CRIM 70 107HB,2022-07-01,57,31,1044,5199,2219
42-317-40742,8741,7350,"VENCER ENERGY, LLC",MCMURRY-CRIM 70 107HB,2022-08-01,58,31,1446,900,3072
42-317-40742,8741,7350,"VENCER ENERGY, LLC",MCMURRY-CRIM 70 107HB,2022-09-01,59,30,1876,766,3984
42-317-40742,8741,7350,"VENCER ENERGY, LLC",MCMURRY-CRIM 70 107HB,2022-10-01,60,31,2025,4670,4296
42-317-41395,8992,10301,EXXON,LENORAH 1-24 0603BH,2018-12-01,1,31,25357,23818,59686
42-317-41395,8992,10301,EXXON,LENORAH 1-24 0603BH,2019-01-01,2,31,12599,5445,29713
42-317-41395,8992,10301,EXXON,LENORAH 1-24 0603BH,2019-02-01,3,28,11518,16068,27223
42-317-41395,8992,10301,EXXON,LENORAH 1-24 0603BH,2019-03-01,4,31,17698,30506,41920
42-317-41395,8992,10301,EXXON,LENORAH 1-24 0603BH,2019-04-01,5,30,11737,33516,27863
42-317-41395,8992,10301,EXXON,LENORAH 1-24 0603BH,2019-05-01,6,31,12751,43687,30337
42-317-41395,8992,10301,EXXON,LENORAH 1-24 0603BH,2019-06-01,7,30,10897,29765,25986
42-317-41395,8992,10301,EXXON,LENORAH 1-24 0603BH,2019-07-01,8,31,8389,47540,20051
42-317-41395,8992,10301,EXXON,LENORAH 1-24 0603BH,2019-08-01,9,31,7610,44795,18229
42-317-41395,8992,10301,EXXON,LENORAH 1-24 0603BH,2019-09-01,10,30,6279,40324,15076
42-317-41395,8992,10301,EXXON,LENORAH 1-24 0603BH,2019-10-01,11,31,4704,35508,11319
42-317-41395,8992,10301,EXXON,LENORAH 1-24 0603BH,2019-11-01,12,30,3731,25262,8999
42-317-41395,8992,10301,EXXON,LENORAH 1-24 0603BH,2019-12-01,13,31,5437,24833,13142
42-317-41395,8992,10301,EXXON,LENORAH 1-24 0603BH,2020-01-01,14,31,4748,31222,11503
42-317-41395,8992,10301,EXXON,LENORAH 1-24 0603BH,2020-02-01,15,29,3650,25784,8863
42-317-41395,8992,10301,EXXON,LENORAH 1-24 0603BH,2020-03-01,16,31,4587,34220,11163
42-317-41395,8992,10301,EXXON,LENORAH 1-24 0603BH,2020-04-01,17,30,4729,31291,11534
42-317-41395,8992,10301,EXXON,LENORAH 1-24 0603BH,2020-05-01,18,31,3674,30219,8981
42-317-41395,8992,10301,EXXON,LENORAH 1-24 0603BH,2020-06-01,19,30,3755,17493,9201
42-317-41395,8992,10301,EXXON,LENORAH 1-24 0603BH,2020-07-01,20,31,3520,20146,8644
42-317-41395,8992,10301,EXXON,LENORAH 1-24 0603BH,2020-08-01,21,31,2536,24715,6242
42-317-41395,8992,10301,EXXON,LENORAH 1-24 0603BH,2020-09-01,22,30,2583,22889,6371
42-317-41395,8992,10301,EXXON,LENORAH 1-24 0603BH,2020-10-01,23,31,2186,28991,5405
42-317-41395,8992,10301,EXXON,LENORAH 1-24 0603BH,2020-11-01,24,30,1947,27660,4825
42-317-41395,8992,10301,EXXON,LENORAH 1-24 0603BH,2020-12-01,25,31,1461,15466,3627
42-317-41395,8992,10301,EXXON,LENORAH 1-24 0603BH,2021-01-01,26,31,1708,13925,4252
42-317-41395,8992,10301,EXXON,LENORAH 1-24 0603BH,2021-02-01,27,28,934,12533,2329
42-317-41395,8992,10301,EXXON,LENORAH 1-24 0603BH,2021-03-01,28,31,1696,17265,4240
42-317-41395,8992,10301,EXXON,LENORAH 1-24 0603BH,2021-04-01,29,30,1648,18655,4130
42-317-41395,8992,10301,EXXON,LENORAH 1-24 0603BH,2021-05-01,30,31,1626,17962,4084
42-317-41395,8992,10301,EXXON,LENORAH 1-24 0603BH,2021-06-01,31,30,1144,13474,2879
42-317-41395,8992,10301,EXXON,LENORAH 1-24 0603BH,2021-07-01,32,31,1920,21052,4844
42-317-41395,8992,10301,EXXON,LENORAH 1-24 0603BH,2021-08-01,33,31,1899,23097,4801
42-317-41395,8992,10301,EXXON,LENORAH 1-24 0603BH,2021-09-01,34,30,1321,23796,3348
42-317-41395,8992,10301,EXXON,LENORAH 1-24 0603BH,2021-10-01,35,31,1655,24962,4204
42-317-41395,8992,10301,EXXON,LENORAH 1-24 0603BH,2021-11-01,36,30,1485,28216,3781
42-317-41395,8992,10301,EXXON,LENORAH 1-24 0603BH,2021-12-01,37,31,1768,31367,4511
42-317-41395,8992,10301,EXXON,LENORAH 1-24 0603BH,2022-01-01,38,31,1484,24594,3796
42-317-41395,8992,10301,EXXON,LENORAH 1-24 0603BH,2022-02-01,39,28,959,65589,2457
42-317-41395,8992,10301,EXXON,LENORAH 1-24 0603BH,2022-03-01,40,31,952,9501,2446
42-317-41395,8992,10301,EXXON,LENORAH 1-24 0603BH,2022-04-01,41,30,857,4708,2206
42-317-41395,8992,10301,EXXON,LENORAH 1-24 0603BH,2022-05-01,42,31,588,3196,1517
42-317-41395,8992,10301,EXXON,LENORAH 1-24 0603BH,2022-06-01,43,30,956,3452,2471
42-317-41395,8992,10301,EXXON,LENORAH 1-24 0603BH,2022-07-01,44,31,982,7463,2545
42-317-41395,8992,10301,EXXON,LENORAH 1-24 0603BH,2022-08-01,45,31,970,8521,2519
42-317-41395,8992,10301,EXXON,LENORAH 1-24 0603BH,2022-09-01,46,30,438,5145,1141
42-317-41395,8992,10301,EXXON,LENORAH 1-24 0603BH,2022-10-01,47,31,249,2470,650
42-317-41395,8992,10301,EXXON,LENORAH 1-24 0603BH,2022-11-01,48,30,331,3244,867
42-317-41806,8832,10354,EXXON,STRAIN 20 UNIT 2 2005BH,2019-11-01,1,30,39701,20312,104746
42-317-41806,8832,10354,EXXON,STRAIN 20 UNIT 2 2005BH,2019-12-01,2,31,29763,16742,78627
42-317-41806,8832,10354,EXXON,STRAIN 20 UNIT 2 2005BH,2020-01-01,3,31,27144,24042,71209
42-317-41806,8832,10354,EXXON,STRAIN 20 UNIT 2 2005BH,2020-02-01,4,29,19348,20567,50415
42-317-41806,8832,10354,EXXON,STRAIN 20 UNIT 2 2005BH,2020-03-01,5,31,19673,25607,50914
42-317-41806,8832,10354,EXXON,STRAIN 20 UNIT 2 2005BH,2020-04-01,6,30,15898,23824,40862
42-317-41806,8832,10354,EXXON,STRAIN 20 UNIT 2 2005BH,2020-05-01,7,31,6570,5879,16771
42-317-41806,8832,10354,EXXON,STRAIN 20 UNIT 2 2005BH,2020-06-01,8,30,16407,20668,41595
42-317-41806,8832,10354,EXXON,STRAIN 20 UNIT 2 2005BH,2020-07-01,9,31,11805,21617,29723
42-317-41806,8832,10354,EXXON,STRAIN 20 UNIT 2 2005BH,2020-08-01,10,31,10305,21270,25766
42-317-41806,8832,10354,EXXON,STRAIN 20 UNIT 2 2005BH,2020-09-01,11,30,8443,17755,20965
42-317-41806,8832,10354,EXXON,STRAIN 20 UNIT 2 2005BH,2020-10-01,12,31,7747,16951,19104
42-317-41806,8832,10354,EXXON,STRAIN 20 UNIT 2 2005BH,2020-11-01,13,30,6865,15078,16814
42-317-41806,8832,10354,EXXON,STRAIN 20 UNIT 2 2005BH,2020-12-01,14,31,6354,15080,15454
42-317-41806,8832,10354,EXXON,STRAIN 20 UNIT 2 2005BH,2021-01-01,15,31,4921,12825,11886
42-317-41806,8832,10354,EXXON,STRAIN 20 UNIT 2 2005BH,2021-02-01,16,28,524,2131,1258
42-317-41806,8832,10354,EXXON,STRAIN 20 UNIT 2 2005BH,2021-03-01,17,31,394,1250,940
42-317-41806,8832,10354,EXXON,STRAIN 20 UNIT 2 2005BH,2021-04-01,18,30,2143,3402,5072
42-317-41806,8832,10354,EXXON,STRAIN 20 UNIT 2 2005BH,2021-05-01,19,31,3967,4517,9325
42-317-41806,8832,10354,EXXON,STRAIN 20 UNIT 2 2005BH,2021-06-01,20,30,3960,5522,9245
42-317-41806,8832,10354,EXXON,STRAIN 20 UNIT 2 2005BH,2021-07-01,21,31,5488,6716,12725
42-317-41806,8832,10354,EXXON,STRAIN 20 UNIT 2 2005BH,2021-08-01,22,31,3886,5057,8947
42-317-41806,8832,10354,EXXON,STRAIN 20 UNIT 2 2005BH,2021-09-01,23,30,5327,7764,12182
42-317-41806,8832,10354,EXXON,STRAIN 20 UNIT 2 2005BH,2021-10-01,24,31,5144,8660,11683
42-317-41806,8832,10354,EXXON,STRAIN 20 UNIT 2 2005BH,2021-11-01,25,30,4588,9428,10347
42-317-41806,8832,10354,EXXON,STRAIN 20 UNIT 2 2005BH,2021-12-01,26,31,4915,11332,11008
42-317-41806,8832,10354,EXXON,STRAIN 20 UNIT 2 2005BH,2022-01-01,27,31,4046,10066,8999
42-317-41806,8832,10354,EXXON,STRAIN 20 UNIT 2 2005BH,2022-02-01,28,28,3436,8763,7591
42-317-41806,8832,10354,EXXON,STRAIN 20 UNIT 2 2005BH,2022-03-01,29,31,4053,11196,8896
42-317-41806,8832,10354,EXXON,STRAIN 20 UNIT 2 2005BH,2022-04-01,30,30,3581,11058,7806
42-317-41806,8832,10354,EXXON,STRAIN 20 UNIT 2 2005BH,2022-05-01,31,31,3505,10888,7587
42-317-41806,8832,10354,EXXON,STRAIN 20 UNIT 2 2005BH,2022-06-01,32,30,3544,10165,7620
42-317-41806,8832,10354,EXXON,STRAIN 20 UNIT 2 2005BH,2022-07-01,33,31,3065,10354,6544
42-317-41806,8832,10354,EXXON,STRAIN 20 UNIT 2 2005BH,2022-08-01,34,31,2467,7714,5232
42-317-41806,8832,10354,EXXON,STRAIN 20 UNIT 2 2005BH,2022-09-01,35,30,4518,7097,9514
42-317-41806,8832,10354,EXXON,STRAIN 20 UNIT 2 2005BH,2022-10-01,36,31,3436,7759,7186
42-317-41806,8832,10354,EXXON,STRAIN 20 UNIT 2 2005BH,2022-11-01,37,30,3185,7730,6614
42-317-43949,8749,10339,EXXON,DIRE WOLF UNIT 2 0406BH,2022-09-01,1,30,12574,18204,15815
42-317-43949,8749,10339,EXXON,DIRE WOLF UNIT 2 0406BH,2022-10-01,2,31,37414,56787,95371
42-317-43949,8749,10339,EXXON,DIRE WOLF UNIT 2 0406BH,2022-11-01,3,30,37921,62670,96595
42-317-43954,8815,10391,EXXON,DIRE WOLF UNIT 2 0407BH,2022-09-01,1,30,24680,33751,47763
42-317-43954,8815,10391,EXXON,DIRE WOLF UNIT 2 0407BH,2022-10-01,2,31,38088,54788,73690
42-317-43954,8815,10391,EXXON,DIRE WOLF UNIT 2 0407BH,2022-11-01,3,30,38578,60489,74611
42-317-41665,8706,9803,CHEVRON,VLT COLT UNIT 0014WB,2019-09-01,1,30,33888,20304,28737
42-317-41665,8706,9803,CHEVRON,VLT COLT UNIT 0014WB,2019-10-01,2,31,41805,26875,35557
42-317-41665,8706,9803,CHEVRON,VLT COLT UNIT 0014WB,2019-11-01,3,30,35606,26718,30365
42-317-41665,8706,9803,CHEVRON,VLT COLT UNIT 0014WB,2019-12-01,4,31,30608,28193,26173
42-317-41665,8706,9803,CHEVRON,VLT COLT UNIT 0014WB,2020-01-01,5,31,26549,29567,22763
42-317-41665,8706,9803,CHEVRON,VLT COLT UNIT 0014WB,2020-02-01,6,29,19548,24559,16805
42-317-41665,8706,9803,CHEVRON,VLT COLT UNIT 0014WB,2020-03-01,7,31,19142,25043,16499
42-317-41665,8706,9803,CHEVRON,VLT COLT UNIT 0014WB,2020-04-01,8,30,17656,22763,15259
42-317-41665,8706,9803,CHEVRON,VLT COLT UNIT 0014WB,2020-05-01,9,31,14418,19744,12493
42-317-41665,8706,9803,CHEVRON,VLT COLT UNIT 0014WB,2020-06-01,10,30,14049,20604,12206
42-317-41665,8706,9803,CHEVRON,VLT COLT UNIT 0014WB,2020-07-01,11,31,13469,19930,11734
42-317-41665,8706,9803,CHEVRON,VLT COLT UNIT 0014WB,2020-08-01,12,31,12677,17460,11074
42-317-41665,8706,9803,CHEVRON,VLT COLT UNIT 0014WB,2020-09-01,13,30,11225,14473,9831
42-317-41665,8706,9803,CHEVRON,VLT COLT UNIT 0014WB,2020-10-01,14,31,10380,11334,9116
42-317-41665,8706,9803,CHEVRON,VLT COLT UNIT 0014WB,2020-11-01,15,0,0,0,0
42-317-41665,8706,9803,CHEVRON,VLT COLT UNIT 0014WB,2020-12-01,16,31,14464,7945,12770
42-317-41665,8706,9803,CHEVRON,VLT COLT UNIT 0014WB,2021-01-01,17,31,11207,8961,9921
42-317-41665,8706,9803,CHEVRON,VLT COLT UNIT 0014WB,2021-02-01,18,28,7937,5850,7045
42-317-41665,8706,9803,CHEVRON,VLT COLT UNIT 0014WB,2021-03-01,19,31,10292,14810,9158
42-317-41665,8706,9803,CHEVRON,VLT COLT UNIT 0014WB,2021-04-01,20,30,9525,17381,8498
42-317-41665,8706,9803,CHEVRON,VLT COLT UNIT 0014WB,2021-05-01,21,31,8804,15124,7876
42-317-41665,8706,9803,CHEVRON,VLT COLT UNIT 0014WB,2021-06-01,22,30,7851,13391,7042
42-317-41665,8706,9803,CHEVRON,VLT COLT UNIT 0014WB,2021-07-01,23,31,7838,12344,7049
42-317-41665,8706,9803,CHEVRON,VLT COLT UNIT 0014WB,2021-08-01,24,31,8079,11936,7286
42-317-41665,8706,9803,CHEVRON,VLT COLT UNIT 0014WB,2021-09-01,25,30,7042,11636,6368
42-317-41665,8706,9803,CHEVRON,VLT COLT UNIT 0014WB,2021-10-01,26,31,6814,12353,6178
42-317-41665,8706,9803,CHEVRON,VLT COLT UNIT 0014WB,2021-11-01,27,30,7249,11712,6590
42-317-41665,8706,9803,CHEVRON,VLT COLT UNIT 0014WB,2021-12-01,28,31,6749,12246,6152
42-317-41665,8706,9803,CHEVRON,VLT COLT UNIT 0014WB,2022-01-01,29,31,5720,9322,5228
42-317-41665,8706,9803,CHEVRON,VLT COLT UNIT 0014WB,2022-02-01,30,28,2814,0,2579
42-317-41665,8706,9803,CHEVRON,VLT COLT UNIT 0014WB,2022-03-01,31,31,6381,0,5862
42-317-41665,8706,9803,CHEVRON,VLT COLT UNIT 0014WB,2022-04-01,32,30,4981,0,4588
42-317-41665,8706,9803,CHEVRON,VLT COLT UNIT 0014WB,2022-05-01,33,31,5337,0,4929
42-317-41665,8706,9803,CHEVRON,VLT COLT UNIT 0014WB,2022-06-01,34,30,5079,0,4703
42-317-41665,8706,9803,CHEVRON,VLT COLT UNIT 0014WB,2022-07-01,35,31,5551,6151,5154
42-317-41665,8706,9803,CHEVRON,VLT COLT UNIT 0014WB,2022-08-01,36,31,5121,6136,4768
42-317-41665,8706,9803,CHEVRON,VLT COLT UNIT 0014WB,2022-09-01,37,30,4978,4041,4647
42-317-41665,8706,9803,CHEVRON,VLT COLT UNIT 0014WB,2022-10-01,38,31,2694,396,2522
42-317-42475,8736,10352,EXXON,DARK STAR UNIT 2 2107BH,2021-04-01,1,30,2479,2309,5981
42-317-42475,8736,10352,EXXON,DARK STAR UNIT 2 2107BH,2021-05-01,2,31,36644,42252,88177
42-317-42475,8736,10352,EXXON,DARK STAR UNIT 2 2107BH,2021-06-01,3,30,27661,40910,66264
42-317-42475,8736,10352,EXXON,DARK STAR UNIT 2 2107BH,2021-07-01,4,31,25550,38030,60934
42-317-42475,8736,10352,EXXON,DARK STAR UNIT 2 2107BH,2021-08-01,5,31,27883,43860,66198
42-317-42475,8736,10352,EXXON,DARK STAR UNIT 2 2107BH,2021-09-01,6,30,19970,42662,47200
42-317-42475,8736,10352,EXXON,DARK STAR UNIT 2 2107BH,2021-10-01,7,31,14507,42869,34135
42-317-42475,8736,10352,EXXON,DARK STAR UNIT 2 2107BH,2021-11-01,8,30,11362,40733,26617
42-317-42475,8736,10352,EXXON,DARK STAR UNIT 2 2107BH,2021-12-01,9,31,8552,35862,19945
42-317-42475,8736,10352,EXXON,DARK STAR UNIT 2 2107BH,2022-01-01,10,31,7294,32810,16934
42-317-42475,8736,10352,EXXON,DARK STAR UNIT 2 2107BH,2022-02-01,11,28,5501,29853,12716
42-317-42475,8736,10352,EXXON,DARK STAR UNIT 2 2107BH,2022-03-01,12,31,5313,29689,12228
42-317-42475,8736,10352,EXXON,DARK STAR UNIT 2 2107BH,2022-04-01,13,30,4090,22398,9372
42-317-42475,8736,10352,EXXON,DARK STAR UNIT 2 2107BH,2022-05-01,14,31,4512,22474,10292
42-317-42475,8736,10352,EXXON,DARK STAR UNIT 2 2107BH,2022-06-01,15,30,4571,27119,10381
42-317-42475,8736,10352,EXXON,DARK STAR UNIT 2 2107BH,2022-07-01,16,31,3333,25491,7536
42-317-42475,8736,10352,EXXON,DARK STAR UNIT 2 2107BH,2022-08-01,17,31,1968,15875,4429
42-317-42475,8736,10352,EXXON,DARK STAR UNIT 2 2107BH,2022-09-01,18,30,2168,15405,4858
42-317-42475,8736,10352,EXXON,DARK STAR UNIT 2 2107BH,2022-10-01,19,31,3583,21193,7992
42-317-42475,8736,10352,EXXON,DARK STAR UNIT 2 2107BH,2022-11-01,20,30,3792,25664,8420
42-317-43106,8778,10326,CHEVRON,VLT WEATHERBY UNIT 0151WB,2021-01-01,1,31,17638,17964,40455
42-317-43106,8778,10326,CHEVRON,VLT WEATHERBY UNIT 0151WB,2021-02-01,2,28,20335,25196,50094
42-317-43106,8778,10326,CHEVRON,VLT WEATHERBY UNIT 0151WB,2021-03-01,3,31,19665,40778,51700
42-317-43106,8778,10326,CHEVRON,VLT WEATHERBY UNIT 0151WB,2021-04-01,4,30,13601,34642,38255
42-317-43106,8778,10326,CHEVRON,VLT WEATHERBY UNIT 0151WB,2021-05-01,5,31,12016,27173,36152
42-317-43106,8778,10326,CHEVRON,VLT WEATHERBY UNIT 0151WB,2021-06-01,6,30,9895,21749,31850
42-317-43106,8778,10326,CHEVRON,VLT WEATHERBY UNIT 0151WB,2021-07-01,7,31,9639,21414,33188
42-317-43106,8778,10326,CHEVRON,VLT WEATHERBY UNIT 0151WB,2021-08-01,8,31,7235,13342,26679
42-317-43106,8778,10326,CHEVRON,VLT WEATHERBY UNIT 0151WB,2021-09-01,9,30,7622,11715,18491
42-317-43106,8778,10326,CHEVRON,VLT WEATHERBY UNIT 0151WB,2021-10-01,10,31,12450,18924,27240
42-317-43106,8778,10326,CHEVRON,VLT WEATHERBY UNIT 0151WB,2021-11-01,11,30,8841,18603,17266
42-317-43106,8778,10326,CHEVRON,VLT WEATHERBY UNIT 0151WB,2021-12-01,12,31,5720,14400,9972
42-317-43106,8778,10326,CHEVRON,VLT WEATHERBY UNIT 0151WB,2022-01-01,13,31,6765,15689,10509
42-317-43106,8778,10326,CHEVRON,VLT WEATHERBY UNIT 0151WB,2022-02-01,14,28,6867,16304,9554
42-317-43106,8778,10326,CHEVRON,VLT WEATHERBY UNIT 0151WB,2022-03-01,15,31,5414,12852,6751
42-317-43106,8778,10326,CHEVRON,VLT WEATHERBY UNIT 0151WB,2022-04-01,16,30,6752,14848,7515
42-317-43106,8778,10326,CHEVRON,VLT WEATHERBY UNIT 0151WB,2022-05-01,17,31,4262,10569,4235
42-317-43106,8778,10326,CHEVRON,VLT WEATHERBY UNIT 0151WB,2022-06-01,18,30,4978,6153,4415
42-317-43106,8778,10326,CHEVRON,VLT WEATHERBY UNIT 0151WB,2022-07-01,19,31,3158,1689,2500
42-317-43106,8778,10326,CHEVRON,VLT WEATHERBY UNIT 0151WB,2022-08-01,20,31,4946,10241,3489
42-317-43106,8778,10326,CHEVRON,VLT WEATHERBY UNIT 0151WB,2022-09-01,21,30,3883,7434,2445
42-317-43106,8778,10326,CHEVRON,VLT WEATHERBY UNIT 0151WB,2022-10-01,22,31,5522,9914,3104
42-317-40343,8957,10264,EXXON,LENORAH UNIT 2 0605BH,2017-05-01,1,31,11847,29754,21920
42-317-40343,8957,10264,EXXON,LENORAH UNIT 2 0605BH,2017-06-01,2,30,12563,30241,23431
42-317-40343,8957,10264,EXXON,LENORAH UNIT 2 0605BH,2017-07-01,3,31,11678,28824,21912
42-317-40343,8957,10264,EXXON,LENORAH UNIT 2 0605BH,2017-08-01,4,31,11421,30331,21562
42-317-40343,8957,10264,EXXON,LENORAH UNIT 2 0605BH,2017-09-01,5,30,10201,29017,19375
42-317-40343,8957,10264,EXXON,LENORAH UNIT 2 0605BH,2017-10-01,6,31,9996,37363,19101
42-317-40343,8957,10264,EXXON,LENORAH UNIT 2 0605BH,2017-11-01,7,30,9054,40194,17405
42-317-40343,8957,10264,EXXON,LENORAH UNIT 2 0605BH,2017-12-01,8,31,7162,35132,13851
42-317-40343,8957,10264,EXXON,LENORAH UNIT 2 0605BH,2018-01-01,9,31,6342,24758,12341
42-317-40343,8957,10264,EXXON,LENORAH UNIT 2 0605BH,2018-02-01,10,28,6802,31362,13314
42-317-40343,8957,10264,EXXON,LENORAH UNIT 2 0605BH,2018-03-01,11,31,7719,34946,15198
42-317-40343,8957,10264,EXXON,LENORAH UNIT 2 0605BH,2018-04-01,12,30,6205,27752,12290
42-317-40343,8957,10264,EXXON,LENORAH UNIT 2 0605BH,2018-05-01,13,31,5991,26961,11937
42-317-40343,8957,10264,EXXON,LENORAH UNIT 2 0605BH,2018-06-01,14,30,5961,22167,11950
42-317-40343,8957,10264,EXXON,LENORAH UNIT 2 0605BH,2018-07-01,15,31,5578,19909,11251
42-317-40343,8957,10264,EXXON,LENORAH UNIT 2 0605BH,2018-08-01,16,31,5458,18712,11075
42-317-40343,8957,10264,EXXON,LENORAH UNIT 2 0605BH,2018-09-01,17,30,2361,5964,4821
42-317-40343,8957,10264,EXXON,LENORAH UNIT 2 0605BH,2018-10-01,18,31,1167,3392,2397
42-317-40343,8957,10264,EXXON,LENORAH UNIT 2 0605BH,2018-11-01,19,30,2075,2439,4288
42-317-40343,8957,10264,EXXON,LENORAH UNIT 2 0605BH,2018-12-01,20,31,3004,2103,6246
42-317-40343,8957,10264,EXXON,LENORAH UNIT 2 0605BH,2019-01-01,21,31,2842,2597,5944
42-317-40343,8957,10264,EXXON,LENORAH UNIT 2 0605BH,2019-02-01,22,28,2817,565,5926
42-317-40343,8957,10264,EXXON,LENORAH UNIT 2 0605BH,2019-03-01,23,31,3713,114,7857
42-317-40343,8957,10264,EXXON,LENORAH UNIT 2 0605BH,2019-04-01,24,30,3072,1217,6541
42-317-40343,8957,10264,EXXON,LENORAH UNIT 2 0605BH,2019-05-01,25,31,2154,362,4615
42-317-40343,8957,10264,EXXON,LENORAH UNIT 2 0605BH,2019-06-01,26,30,1993,16,4294
42-317-40343,8957,10264,EXXON,LENORAH UNIT 2 0605BH,2019-07-01,27,31,2350,463,5094
42-317-40343,8957,10264,EXXON,LENORAH UNIT 2 0605BH,2019-08-01,28,31,1977,451,4313
42-317-40343,8957,10264,EXXON,LENORAH UNIT 2 0605BH,2019-09-01,29,30,2560,653,5618
42-317-40343,8957,10264,EXXON,LENORAH UNIT 2 0605BH,2019-10-01,30,31,1599,878,3530
42-317-40343,8957,10264,EXXON,LENORAH UNIT 2 0605BH,2019-11-01,31,30,1948,668,4327
42-317-40343,8957,10264,EXXON,LENORAH UNIT 2 0605BH,2019-12-01,32,31,402,71,897
42-317-40343,8957,10264,EXXON,LENORAH UNIT 2 0605BH,2020-01-01,33,31,399,54,897
42-317-40343,8957,10264,EXXON,LENORAH UNIT 2 0605BH,2020-02-01,34,29,704,28,1593
42-317-40343,8957,10264,EXXON,LENORAH UNIT 2 0605BH,2020-03-01,35,31,3860,1607,8782
42-317-40343,8957,10264,EXXON,LENORAH UNIT 2 0605BH,2020-04-01,36,30,3170,2200,7257
42-317-40343,8957,10264,EXXON,LENORAH UNIT 2 0605BH,2020-05-01,37,31,2350,2333,5412
42-317-40343,8957,10264,EXXON,LENORAH UNIT 2 0605BH,2020-06-01,38,30,904,1334,2095
42-317-40343,8957,10264,EXXON,LENORAH UNIT 2 0605BH,2020-07-01,39,31,2765,2733,6446
42-317-40343,8957,10264,EXXON,LENORAH UNIT 2 0605BH,2020-08-01,40,31,2773,2777,6503
42-317-40343,8957,10264,EXXON,LENORAH UNIT 2 0605BH,2020-09-01,41,30,1745,1976,4116
42-317-40343,8957,10264,EXXON,LENORAH UNIT 2 0605BH,2020-10-01,42,31,1838,2091,4362
42-317-40343,8957,10264,EXXON,LENORAH UNIT 2 0605BH,2020-11-01,43,30,1492,1877,3564
42-317-40343,8957,10264,EXXON,LENORAH UNIT 2 0605BH,2020-12-01,44,31,2077,2004,4990
42-317-40343,8957,10264,EXXON,LENORAH UNIT 2 0605BH,2021-01-01,45,31,1516,1524,3664
42-317-40343,8957,10264,EXXON,LENORAH UNIT 2 0605BH,2021-02-01,46,28,1079,925,2624
42-317-40343,8957,10264,EXXON,LENORAH UNIT 2 0605BH,2021-03-01,47,31,1363,1120,3334
42-317-40343,8957,10264,EXXON,LENORAH UNIT 2 0605BH,2021-04-01,48,30,573,178,1410
42-317-40343,8957,10264,EXXON,LENORAH UNIT 2 0605BH,2021-05-01,49,31,366,583,906
42-317-40343,8957,10264,EXXON,LENORAH UNIT 2 0605BH,2021-06-01,50,30,1038,623,2586
42-317-40343,8957,10264,EXXON,LENORAH UNIT 2 0605BH,2021-07-01,51,31,1206,553,3023
42-317-40343,8957,10264,EXXON,LENORAH UNIT 2 0605BH,2021-08-01,52,31,3750,1046,9454
42-317-40343,8957,10264,EXXON,LENORAH UNIT 2 0605BH,2021-09-01,53,30,1064,233,2698
42-317-40343,8957,10264,EXXON,LENORAH UNIT 2 0605BH,2021-10-01,54,31,971,291,2479
42-317-40343,8957,10264,EXXON,LENORAH UNIT 2 0605BH,2021-11-01,55,30,946,147,2428
42-317-40343,8957,10264,EXXON,LENORAH UNIT 2 0605BH,2021-12-01,56,31,1164,269,3005
42-317-40343,8957,10264,EXXON,LENORAH UNIT 2 0605BH,2022-01-01,57,31,694,125,1804
42-317-40343,8957,10264,EXXON,LENORAH UNIT 2 0605BH,2022-02-01,58,28,520,210,1360
42-317-40343,8957,10264,EXXON,LENORAH UNIT 2 0605BH,2022-03-01,59,31,350,122,921
42-317-40343,8957,10264,EXXON,LENORAH UNIT 2 0605BH,2022-04-01,60,30,870,350,2301
42-317-40343,8957,10264,EXXON,LENORAH UNIT 2 0605BH,2022-05-01,61,31,1128,928,3001
42-317-40343,8957,10264,EXXON,LENORAH UNIT 2 0605BH,2022-06-01,62,30,785,783,2101
42-317-40343,8957,10264,EXXON,LENORAH UNIT 2 0605BH,2022-07-01,63,31,5913,408,15924
42-317-40343,8957,10264,EXXON,LENORAH UNIT 2 0605BH,2022-08-01,64,31,236,145,641
42-317-40343,8957,10264,EXXON,LENORAH UNIT 2 0605BH,2022-09-01,65,30,174,291,473
42-317-40343,8957,10264,EXXON,LENORAH UNIT 2 0605BH,2022-10-01,66,31,215,149,590
42-317-40343,8957,10264,EXXON,LENORAH UNIT 2 0605BH,2022-11-01,67,30,823,117,2270
42-317-41344,9031,10354,EXXON,LENORAH 1-21 0601BH,2018-12-01,1,31,3175,3836,9314
42-317-41344,9031,10354,EXXON,LENORAH 1-21 0601BH,2019-01-01,2,31,14827,17692,43539
42-317-41344,9031,10354,EXXON,LENORAH 1-21 0601BH,2019-02-01,3,28,10904,15251,32068
42-317-41344,9031,10354,EXXON,LENORAH 1-21 0601BH,2019-03-01,4,31,10425,28688,30709
42-317-41344,9031,10354,EXXON,LENORAH 1-21 0601BH,2019-04-01,5,30,11452,46516,33789
42-317-41344,9031,10354,EXXON,LENORAH 1-21 0601BH,2019-05-01,6,31,8668,42159,25618
42-317-41344,9031,10354,EXXON,LENORAH 1-21 0601BH,2019-06-01,7,30,6861,46208,20311
42-317-41344,9031,10354,EXXON,LENORAH 1-21 0601BH,2019-07-01,8,31,6743,48661,19992
42-317-41344,9031,10354,EXXON,LENORAH 1-21 0601BH,2019-08-01,9,31,5735,42472,17034
42-317-41344,9031,10354,EXXON,LENORAH 1-21 0601BH,2019-09-01,10,30,5057,43856,15044
42-317-41344,9031,10354,EXXON,LENORAH 1-21 0601BH,2019-10-01,11,31,4249,41581,12661
42-317-41344,9031,10354,EXXON,LENORAH 1-21 0601BH,2019-11-01,12,30,3186,33725,9510
42-317-41344,9031,10354,EXXON,LENORAH 1-21 0601BH,2019-12-01,13,31,4235,35025,12661
42-317-41344,9031,10354,EXXON,LENORAH 1-21 0601BH,2020-01-01,14,31,3635,40640,10884
42-317-41344,9031,10354,EXXON,LENORAH 1-21 0601BH,2020-02-01,15,29,3001,33871,9001
42-317-41344,9031,10354,EXXON,LENORAH 1-21 0601BH,2020-03-01,16,31,2897,34955,8702
42-317-41344,9031,10354,EXXON,LENORAH 1-21 0601BH,2020-04-01,17,30,2222,23609,6686
42-317-41344,9031,10354,EXXON,LENORAH 1-21 0601BH,2020-05-01,18,31,1275,2831,3843
42-317-41344,9031,10354,EXXON,LENORAH 1-21 0601BH,2020-06-01,19,30,2156,23008,6508
42-317-41344,9031,10354,EXXON,LENORAH 1-21 0601BH,2020-07-01,20,31,1121,23948,3389
42-317-41344,9031,10354,EXXON,LENORAH 1-21 0601BH,2020-08-01,21,31,2201,30433,6666
42-317-41344,9031,10354,EXXON,LENORAH 1-21 0601BH,2020-09-01,22,30,2420,35974,7341
42-317-41344,9031,10354,EXXON,LENORAH 1-21 0601BH,2020-10-01,23,31,1798,42728,5465
42-317-41344,9031,10354,EXXON,LENORAH 1-21 0601BH,2020-11-01,24,30,1804,38571,5491
42-317-41344,9031,10354,EXXON,LENORAH 1-21 0601BH,2020-12-01,25,31,1462,24166,4459
42-317-41344,9031,10354,EXXON,LENORAH 1-21 0601BH,2021-01-01,26,31,2036,14765,6216
42-317-41344,9031,10354,EXXON,LENORAH 1-21 0601BH,2021-02-01,27,28,1569,5257,4798
42-317-41344,9031,10354,EXXON,LENORAH 1-21 0601BH,2021-03-01,28,31,2296,5157,7035
42-317-41344,9031,10354,EXXON,LENORAH 1-21 0601BH,2021-04-01,29,30,1773,9474,5439
42-317-41344,9031,10354,EXXON,LENORAH 1-21 0601BH,2021-05-01,30,31,1697,13994,5216
42-317-41344,9031,10354,EXXON,LENORAH 1-21 0601BH,2021-06-01,31,30,1711,15294,5268
42-317-41344,9031,10354,EXXON,LENORAH 1-21 0601BH,2021-07-01,32,31,1609,17642,4962
42-317-41344,9031,10354,EXXON,LENORAH 1-21 0601BH,2021-08-01,33,31,623,12797,1924
42-317-41344,9031,10354,EXXON,LENORAH 1-21 0601BH,2021-09-01,34,30,1241,17673,3841
42-317-41344,9031,10354,EXXON,LENORAH 1-21 0601BH,2021-10-01,35,31,1512,13762,4687
42-317-41344,9031,10354,EXXON,LENORAH 1-21 0601BH,2021-11-01,36,30,1660,31687,5151
42-317-41344,9031,10354,EXXON,LENORAH 1-21 0601BH,2021-12-01,37,31,1975,36008,6142
42-317-41344,9031,10354,EXXON,LENORAH 1-21 0601BH,2022-01-01,38,31,1235,23384,3846
42-317-41344,9031,10354,EXXON,LENORAH 1-21 0601BH,2022-02-01,39,28,604,50817,1883
42-317-41344,9031,10354,EXXON,LENORAH 1-21 0601BH,2022-03-01,40,31,628,11455,1961
42-317-41344,9031,10354,EXXON,LENORAH 1-21 0601BH,2022-04-01,41,30,821,7395,2569
42-317-41344,9031,10354,EXXON,LENORAH 1-21 0601BH,2022-05-01,42,31,338,7302,1061
42-317-41344,9031,10354,EXXON,LENORAH 1-21 0601BH,2022-06-01,43,30,535,3115,1679
42-317-41344,9031,10354,EXXON,LENORAH 1-21 0601BH,2022-07-01,44,31,1243,13445,3909
42-317-41344,9031,10354,EXXON,LENORAH 1-21 0601BH,2022-08-01,45,31,1091,10910,3436
42-317-41344,9031,10354,EXXON,LENORAH 1-21 0601BH,2022-09-01,46,30,953,9654,3007
42-317-41344,9031,10354,EXXON,LENORAH 1-21 0601BH,2022-10-01,47,31,837,12747,2647
42-317-41344,9031,10354,EXXON,LENORAH 1-21 0601BH,2022-11-01,48,30,908,17676,2875
42-317-43108,8756,10461,CHEVRON,VLT WEATHERBY UNIT 0153WB,2021-01-01,1,31,14856,14648,34312
42-317-43108,8756,10461,CHEVRON,VLT WEATHERBY UNIT 0153WB,2021-02-01,2,28,18771,23551,46526
42-317-43108,8756,10461,CHEVRON,VLT WEATHERBY UNIT 0153WB,2021-03-01,3,31,19204,40515,50585
42-317-43108,8756,10461,CHEVRON,VLT WEATHERBY UNIT 0153WB,2021-04-01,4,30,15847,39778,44461
42-317-43108,8756,10461,CHEVRON,VLT WEATHERBY UNIT 0153WB,2021-05-01,5,31,11917,31665,35609
42-317-43108,8756,10461,CHEVRON,VLT WEATHERBY UNIT 0153WB,2021-06-01,6,30,9567,29170,30449
42-317-43108,8756,10461,CHEVRON,VLT WEATHERBY UNIT 0153WB,2021-07-01,7,31,9690,33242,32846
42-317-43108,8756,10461,CHEVRON,VLT WEATHERBY UNIT 0153WB,2021-08-01,8,31,10340,30226,37369
42-317-43108,8756,10461,CHEVRON,VLT WEATHERBY UNIT 0153WB,2021-09-01,9,30,7084,13912,11702
42-317-43108,8756,10461,CHEVRON,VLT WEATHERBY UNIT 0153WB,2021-10-01,10,31,10642,23573,11382
42-317-43108,8756,10461,CHEVRON,VLT WEATHERBY UNIT 0153WB,2021-11-01,11,30,10059,21086,10650
42-317-43108,8756,10461,CHEVRON,VLT WEATHERBY UNIT 0153WB,2021-12-01,12,31,6365,14855,6671
42-317-43108,8756,10461,CHEVRON,VLT WEATHERBY UNIT 0153WB,2022-01-01,13,31,7361,14705,7634
42-317-43108,8756,10461,CHEVRON,VLT WEATHERBY UNIT 0153WB,2022-02-01,14,28,7312,13947,7510
42-317-43108,8756,10461,CHEVRON,VLT WEATHERBY UNIT 0153WB,2022-03-01,15,31,5643,10038,5739
42-317-43108,8756,10461,CHEVRON,VLT WEATHERBY UNIT 0153WB,2022-04-01,16,30,6883,10552,6929
42-317-43108,8756,10461,CHEVRON,VLT WEATHERBY UNIT 0153WB,2022-05-01,17,31,4249,6835,4234
42-317-43108,8756,10461,CHEVRON,VLT WEATHERBY UNIT 0153WB,2022-06-01,18,30,4854,3621,4788
42-317-43108,8756,10461,CHEVRON,VLT WEATHERBY UNIT 0153WB,2022-07-01,19,31,3011,905,2941
42-317-43108,8756,10461,CHEVRON,VLT WEATHERBY UNIT 0153WB,2022-08-01,20,31,4612,4984,4457
42-317-43108,8756,10461,CHEVRON,VLT WEATHERBY UNIT 0153WB,2022-09-01,21,30,3541,3292,3387
42-317-43108,8756,10461,CHEVRON,VLT WEATHERBY UNIT 0153WB,2022-10-01,22,31,4925,3996,4664